time,x,y,radius
0.0,0.0934401776313845,0.10851982236861552,0.14320481361567616
0.01,0.08617321521107996,0.11662798917530377,0.14501003716601785
0.02,0.07822328372038867,0.12426705199367337,0.14683726477702702
0.03,0.06961913570972923,0.13138082571137255,0.14868673586292674
0.04,0.0603940549604813,0.1379147477970842,0.15055869132834207
0.05,0.05058577843027984,0.1438162373362225,0.15245337353088007
0.06,0.04023639021984955,0.14903505173239937,0.15437102624133506
0.07,0.029392187456186353,0.15352363893039336,0.15631189460143266
0.08,0.01810351814836485,0.1572374829864632,0.15827622507902595
0.09,0.006424591237663044,0.16013544079388092,0.16026426542065328
0.1,-0.0055867407678133075,0.1621800677659426,0.1622762646013658
0.11,-0.017869226013156117,0.16333793028580795,0.1643124727717306
0.12,-0.030358483638573963,0.16357990275262502,0.16637314120191343
0.13,-0.04298729933827716,0.1628814470867426,0.16845852222274174
0.14,-0.055685945059964256,0.1612228726035627,0.17056886916364886
0.15,-0.06838252159886522,0.15858957422582262,0.17270443628739526
0.16,-0.08100332267341386,0.15497224707783444,0.1748654787214634
0.17,-0.09347321890658843,0.15036707559237647,0.17705225238601868
0.18,-0.10571605997883449,0.1447758953613823,0.17926501391832833
0.19,-0.11765509306632531,0.1382063260750749,0.18150402059352735
0.2,-0.12921339553317687,0.13067187402043426,0.18376953024161938
0.21,-0.1403143197091559,0.12219200274847213,0.18606180116059778
0.22,-0.15088194745642367,0.11279217067023718,0.18838109202557168
0.23,-0.16084155211094261,0.10250383450322648,0.19072766179377837
0.24,-0.1701200652773014,0.09136441766229306,0.19310176960536435
0.25,-0.17864654586081635,0.07941724287149102,0.195503674679813
0.26,-0.1863526486387252,0.06671142846478703,0.19793363620789814
0.27,-0.1931730896039348,0.05330174804331598,0.2003919132390401
0.28,-0.19904610526089453,0.039248453363916434,0.20287876456394008
0.29,-0.2039139030144508,0.02461706054703286,0.20539444859236855
0.3,-0.20772309976964204,0.009478099910630191,0.20793922322598146
0.31,-0.21042514585388059,-0.006093170040610836,0.21051334572603875
0.32,-0.2119767313833307,-0.022017083716063014,0.21311707257589868
0.33,-0.21234017222292867,-0.03820992364803325,0.2157506593381618
0.34,-0.2114837727347156,-0.05458430859948467,0.21841436050633808
0.35000000000000003,-0.20938216257218303,-0.07104961313493001,0.22110842935091213
0.36,-0.2060166048592837,-0.08751241699480677,0.2238331177596809
0.37,-0.20137527319165313,-0.10387698239339563,0.22658867607224056
0.38,-0.19545349501433135,-0.12004575714527155,0.22937535290849967
0.39,-0.18825395906467385,-0.13591990131679846,0.23219339499109817
0.4,-0.17978688472089,-0.1513998348987096,0.2350430469616132
0.41000000000000003,-0.1700701512653285,-0.16638580380476747,0.23792455119043576
0.42,-0.15912938525671577,-0.1807784613212654,0.24083814758020483
0.43,-0.14699800440640104,-0.19447946196408655,0.24378407336268892
0.44,-0.13371721656952332,-0.20739206454551568,0.24676256288900905
0.45,-0.1193359726920226,-0.21942174111329996,0.24977384741310124
0.46,-0.10391087279760443,-0.2304767883008238,0.25281815486832165
0.47000000000000003,-0.08750602435405137,-0.2404689375208872,0.25589570963710234
0.48,-0.07019285262448113,-0.24931396034757564,0.2590067323135726
0.49,-0.05204986288499508,-0.25693226536212604,0.26215143945906677
0.5,-0.03316235467427292,-0.26324948269048365,0.2653300433504459
0.51,-0.013622088531583042,-0.2681970324332768,0.26854275172117087
0.52,0.006473094024151409,-0.27171267318396913,0.2717897674950695
0.53,0.027019696221787137,-0.2737410268486425,0.2750712885127542
0.54,0.04790903611770907,-0.2742340760217519,0.27838750725065226
0.55,0.06902775937177624,-0.27315163023669853,0.28173861053262456
0.56,0.09025839276304187,-0.270461757498469,0.28512477923415946
0.5700000000000001,0.11147993619199077,-0.26614117761805184,0.28854618797914094
0.58,0.13256849062456366,-0.26017561400486605,0.2920030048292039
0.59,0.15339791914903408,-0.25256010073390495,0.2954953909657032
0.6,0.17384053804179508,-0.24329924188842342,0.2990235003643399
0.61,0.19376783447422394,-0.23240742038635395,0.30258747946250136
0.62,0.21305120724194543,-0.21990895372864436,0.3061874668193939
0.63,0.23156272666190114,-0.20583819435963097,0.30982359276905874
0.64,0.24917590956352287,-0.19023957260250635,0.31349597906638804
0.65,0.2657665050998202,-0.17316758042586303,0.31720473852627185
0.66,0.2812132869240905,-0.1546866946089986,0.3209499746560333
0.67,0.2953988471199365,-0.13487123820280172,0.3247317812813284
0.68,0.3082103871379471,-0.11380517952810817,0.3285502421657122
0.6900000000000001,0.3195405008832718,-0.09158186831277902,0.33240543062409705
0.7000000000000001,0.32928794501582115,-0.06830370894063369,0.33629740913035483
0.71,0.33735839147022983,-0.044081771167855416,0.3402262289193413
0.72,0.3436651571772045,-0.019035339053543356,0.3441919295836497
0.73,0.34812990597245197,0.00670860075143968,0.3481945386654283
0.74,0.3506833177149166,0.03301592981153985,0.3522340712436287
0.75,0.35126571970325304,0.05974602586028316,0.35631052951708003
0.76,0.3498276755788444,0.0867524455487231,0.36042390238381994
0.77,0.3463305270356061,0.11388365923689932,0.3645741650171428
0.78,0.3407468838214319,0.1409838346827295,0.36876127843886164
0.79,0.3330610577134161,0.1678936660972018,0.3729851890903152
0.8,0.32326943637865996,0.1944512446601928,0.3772458284016864
0.81,0.31138079329409973,0.22049296623038148,0.38154311236023514
0.8200000000000001,0.29741653019168907,0.24585447163823673,0.38587694107808573
0.8300000000000001,0.28141084881854944,0.27037161462558473,0.3902471983602473
0.84,0.2634108491542504,0.29388145219143635,0.39465375127358254
0.85,0.24347655160786075,0.31622325182415256,0.39909644971747954
0.86,0.22168084112427178,0.33723950984715034,0.40357512599702033
0.87,0.19810933156075167,0.35677697488162297,0.4080895943994775
0.88,0.17286014914876244,0.3746876702374799,0.4126396507750108
0.89,0.1460436343305487,0.3908299088850897,0.41722507212247273
0.9,0.11778196175248828,0.4050692945374799,0.4218456161812711
0.91,0.08820867870507239,0.4172797022872931,0.4265010210302745
0.92,0.05746816281986926,0.4273442321967221,0.4311910046947836
0.93,0.025715000363951204,0.4351561292333511,0.43591526476262676
0.9400000000000001,-0.006886712991095813,0.44061966298160843,0.44067347801047424
0.9500000000000001,-0.0401641465085874,0.4436509606394417,0.445465300041499
0.96,-0.07393658087788937,0.44417878693367674,0.45029036493554386
0.97,-0.10801632336460877,0.4421452647558536,0.4551482849129848
0.98,-0.14220968759845518,0.4375065305334335,0.46003865001350963
0.99,-0.17631803345973207,0.43023331860911046,0.46496102779105647
1.0,-0.21013886202250975,0.4203114692032326,0.4699149630261792
1.01,-0.2434669600281585,0.4077423548804186,0.47489997745712953
1.02,-0.2760955879008645,0.3925432208303981,0.47991556953096104
1.03,-0.3078177048807701,0.37474743470365574,0.48496121417597465
1.04,-0.3384272244441847,0.35440464221302814,0.49003636259683736
1.05,-0.36772029280754226,0.331580825221075,0.4951404420937091
1.06,-0.39549658297595797,0.30635825957758267,0.5002728559067185
1.07,-0.4215605965017733,0.2788353705493915,0.5054329830871225
1.08,-0.4457229648665937,0.24912648429299203,0.5106201783964801
1.09,-0.4678017421950778,0.21736147445580664,0.5158337722351575
1.1,-0.4876236808529437,0.18368530365128402,0.5210730706014637
1.11,-0.5050254813778944,0.14825746023209438,0.5263373550826932
1.12,-0.5198550081427301,0.11125129148078586,0.5316258828793241
1.1300000000000001,-0.5319724621567954,0.07285323504394492,0.5369378868635845
1.1400000000000001,-0.541251502476761,0.03326195114967211,0.5422725756735578
1.1500000000000001,-0.547580307821875,-0.007312641135691932,0.5476291338439535
1.16,-0.5508625701731381,-0.0486504196420839,0.5530067219746125
1.17,-0.5510184123809013,-0.09052220214600668,0.5584044769377584
1.18,-0.5479852221112225,-0.13269097136792904,0.5638215121249369
1.19,-0.5417183948276363,-0.1749131758729715,0.5692569177345146
1.2,-0.532191978930964,-0.21694010017920912,0.5747097611005236
1.21,-0.5193992166641773,-0.2585192967546939,0.580179087063557
1.22,-0.5033529749303861,-0.29939607199494855,0.5856639183843191
1.23,-0.4840860607675474,-0.3393150177223956,0.591163256200342
1.24,-0.4616514168707852,-0.3780215792430179,0.5966760805262674
1.25,-0.43612219324913204,-0.41526365053840203,0.6022013507979813
1.26,-0.40759169184440214,-0.45079318676787106,0.6077380064607731
1.27,-0.37617318172171565,-0.4843678239101055,0.6132849676015628
1.28,-0.341999583259385,-0.5157524950906057,0.618841135625112
1.29,-0.3052230206155079,-0.5447210329243535,0.6244053939740025
1.3,-0.26601424262435613,-0.5710577470554808,0.6299766088920218
1.31,-0.22456191317180246,-0.5945589660006274,0.6355536302304593
1.32,-0.1810717730095629,-0.6150345324024541,0.6411352922966665
1.33,-0.1357656758866282,-0.6323092408764966,0.6467204147440874
1.34,-0.08888050279633924,-0.6462242077896315,0.6523078035028148
1.35,-0.04066695905235586,-0.6566381625427951,0.657896251749578
1.36,0.00861174019066057,-0.6634286502445343,0.6634845409159102
1.37,0.058681289472512416,-0.6664931360551661,0.6690714417330985
1.3800000000000001,0.10925781026296019,-0.6657500019528172,0.6746557153123607
1.3900000000000001,0.16004945771755,-0.6611394272208301,0.6802361142585486
1.4000000000000001,0.21075810799090167,-0.6526241445786879,0.6858113838155274
1.41,0.2610811164086731,-0.6401900645728378,0.6913802630412393
1.42,0.31071313611743334,-0.623846761606035,0.6969414860103162
1.43,0.3593479862100332,-0.6036278158098918,0.702493783041976
1.44,0.4066805577688398,-0.5795910058504032,0.7080358819508068
1.45,0.4524087457861066,-0.5518183486949333,0.7135665093179199
1.46,0.49623539451503934,-0.5204159833555158,0.719084391779842
1.47,0.5378702434815528,-0.4855138966508691,0.7245882573324078
1.48,0.5770318611494937,-0.44726549009126726,0.7300768366468218
1.49,0.6134495530848324,-0.40584698807893443,0.7355488643949655
1.5,0.6468652314099446,-0.3614566887241547,0.7410030805809592
1.51,0.6770352323798643,-0.31431405969568554,0.7464382318759134
1.52,0.703732069049818,-0.2646586826449652,0.7518530729527586
1.53,0.7267461062382017,-0.21274905085844034,0.7572463678180007
1.54,0.745887145321429,-0.158861225892424,0.7626168911372172
1.55,0.7609859068259281,-0.10328736002149662,0.7679634295511021
1.56,0.7718953993063842,-0.04633409237587643,0.7732847829788574
1.57,0.7784921636156639,0.011679172353178474,0.7785797659057502
1.58,0.7806773823774975,0.07042209280642646,0.7838472086516725
1.59,0.7783778452638873,0.12955531671753134,0.7890859586175843
1.6,0.7715467615505842,0.18873249197917707,0.7942948815067765
1.61,0.7601644123702893,0.24760235069234274,0.7994728625179477
1.62,0.7442386360982731,0.3058108531966376,0.8046188075071781
1.6300000000000001,0.7238051413819832,0.36300337848532976,0.8097316441159726
1.6400000000000001,0.6989276434574525,0.4188269469059313,0.8148103228626473
1.6500000000000001,0.6696978205729053,0.47293246064097405,0.8198538181944545
1.6600000000000001,0.6362350885553817,0.5249769471582432,0.8248611294979677
1.67,0.598686192800567,0.5746257906187686,0.8298312820653863
1.68,0.5572246182300672,0.6215549361370328,0.8347633280145667
1.69,0.5120498190346251,0.6654530518030104,0.8396563471607491
1.7,0.46338627129655396,0.7060236335008192,0.844509447838106
1.71,0.4114823528502065,0.7429870377940427,0.8493217676694199
1.72,0.3566090559858396,0.7760824284924068,0.8540924742823716
1.73,0.2990585398200795,0.8050696229667804,0.858820765971103
1.74,0.23914253033582314,0.8297308248368688,0.8635058723019148
1.75,0.17719057722654383,0.8498722303150456,0.8681470546621383
1.76,0.11354817775566296,0.8653254962462723,0.8727436067514268
1.77,0.04857477885235728,0.8759490587329006,0.8772948550148975
1.78,-0.017358330397160032,0.8816292921685156,0.8818001590177532
1.79,-0.08387022284672706,0.8822814995203054,0.8862589117612067
1.8,-0.15057262018985046,0.8778507257875202,0.8906705399397203
1.81,-0.21707224819998494,0.8683123877166068,0.8950345041397626
1.82,-0.28297324527272033,0.8536727140632309,0.8993502989804684
1.83,-0.3478796087580899,0.8339689919488193,0.9036174531967671
1.84,-0.4113976632059413,0.8092696161552885,0.9078355296657192
1.85,-0.47313853439286185,0.7796739395267607,0.9120041253769656
1.86,-0.5327206128577172,0.7453119239915974,0.9161228713483571
1.87,-0.5897719906457732,0.7063435930720994,0.9201914324879805
1.8800000000000001,-0.6439328550490486,0.6629582881028201,0.924209507403944
1.8900000000000001,-0.6948578233325483,0.6153737317216692,0.9281768281634162
1.9000000000000001,-0.7422182027510189,0.5638349035210273,0.9320931600025391
1.9100000000000001,-0.785704160586664,0.5086127340392959,0.9359583009889499
1.92,-0.8250267894718359,0.450002624527271,0.9397720816387541
1.93,-0.8599200538982426,0.38832280112937295,0.9435343644898786
1.94,-0.8901426045510858,0.32391251326841664,0.9472450436338281
1.95,-0.9154794479374427,0.2571300871060417,0.9509040442079345
1.96,-0.9357434596971119,0.18835084596143856,0.9545113218502492
1.97,-0.9507767309844491,0.11796491050148948,0.9580668621192886
1.98,-0.9604517383841967,0.046374892359383205,0.9615706798808759
1.99,-0.9646723289652778,-0.02600650440965993,0.9650228186643581
2.0,-0.9633745132758182,-0.09875895897283009,0.9684233499904971
2.0100000000000002,-0.956527060331761,-0.17145707084940265,0.9717723726733424
2.02,-0.9441318899415025,-0.24367294246399546,0.9750700120984006
2.0300000000000002,-0.9262242590309505,-0.3149787907233812,0.9783164194794018
2.04,-0.9028727399780246,-0.3849495709888377,0.9815117710959538
2.05,-0.8741789903235606,-0.4531655966996645,0.9846562675143459
2.06,-0.8402773145874679,-0.5192151378992287,0.9877501327937352
2.07,-0.8013340202754993,-0.5826969820223872,0.9907936136799089
2.08,-0.7575465715038942,-0.6432229405212456,0.9937869787887655
2.09,-0.7091425449874078,-0.7004202852330802,0.9967305177816154
2.1,-0.6563783944220147,-0.753934098827245,0.9996245405343309
2.11,-0.599538030538348,-0.8034295242036938,1.0024693763023262
2.12,-0.5389312252975318,-0.8485938983503472,1.0052653728832692
2.13,-0.4748918498397035,-0.8891387568952996,1.0080128957793617
2.14,-0.40777595686986745,-0.9248016964075326,1.010712327360949
2.15,-0.3379597191689502,-0.9553480824005797,1.013364066033141
2.16,-0.26583723684372057,-0.9805725919711725,1.0159685254070463
2.17,-0.19181822677186988,-1.0003005810525079,1.0185261334771383
2.18,-0.11632560845287582,-1.0143892673722348,1.0210373318061936
2.19,-0.03979300113679213,-1.0227287213710463,1.0235025747191493
2.2,0.037337852332053334,-1.0252426585510188,1.0259223285071493
2.21,0.11461971905450406,-1.0218890279755193,1.0282970706429564
2.22,0.19160255073465016,-1.0126603929263105,1.0306272890088317
2.23,0.2678361829336933,-0.997584101030033,1.032913481137888
2.24,0.3428730422438279,-0.9767222424870591,1.035156153469846
2.25,0.4162708446592902,-0.9501713963622901,1.0373558206220386
2.2600000000000002,0.4875952684803023,-0.9180621662213508,1.039513004676429
2.27,0.5564225852489766,-0.8805585077084278,1.0416282344833248
2.2800000000000002,0.6223422324828122,-0.8378568519554834,1.0437020449824
2.29,0.6849593123390343,-0.7901850299786789,1.0457349765415558
2.3000000000000003,0.743897000808899,-0.7378010044487581,1.0477275743140826
2.31,0.7987988526018309,-0.680991416410332,1.0496803876145118
2.32,0.8493309875309251,-0.6200699556632607,1.0515939693134868
2.33,0.8951841449494385,-0.5553755646007998,1.0534688752519055
2.34,0.9360755936074454,-0.487270486317432,1.0553056636745384
2.35,0.9717508851933679,-0.41613816874832604,1.057104894683259
2.36,1.0019854407907625,-0.3423810374766295,1.0588671297099708
2.37,1.0265859605102563,-0.2664181506392652,1.0605929310092594
2.38,1.0453916476433047,-0.18868275007205926,1.062282861170761
2.39,1.0582752398215394,-0.10961972345690217,1.063937482651168
2.4,1.0651438408457672,-0.029682992763838303,1.0655573573257757
2.41,1.0659395480647413,0.050667155283340676,1.0671430460594171
2.42,1.0606398714281489,0.13096678065049155,1.0686951082965965
2.43,1.0492579416031502,0.21075102703745796,1.0702141016706064
2.44,1.031842505821542,0.28955686807419717,1.07170058163137
2.45,1.0084777114074146,0.3669258461783032,1.0731551010917295
2.46,0.9792826782153008,0.44240678764200747,1.0745782100918726
2.47,0.9444108624785569,0.5155584776741662,1.07597045548156
2.48,0.9040492158195311,0.5859522793777916,1.077332380619806
2.49,0.8584171443994892,0.6531746809944419,1.078664525091636
2.5,0.8077652743800816,0.7168297561907846,1.0799674244415283
2.5100000000000002,0.752374031022323,0.7765415226968944,1.0812416099231432
2.52,0.6925520398568948,0.8319561852268124,1.082487608264915
2.5300000000000002,0.6286343594146419,0.8827442493155778,1.083705941451084
2.54,0.5609805560023464,0.9286024934888597,1.084897126517731
2.5500000000000003,0.48997263194051377,0.9692557880365646,1.0860616753633727
2.56,0.4160128195417032,1.004458749585047,1.0872000945736686
2.57,0.3395212538950232,1.0339972216481206,1.0883128852597865
2.58,0.2609335382303777,1.0576895723789346,1.0894005429099793
2.59,0.18069821626098168,1.0753878018365968,1.0904635572539085
2.6,0.09927416644114016,1.0869784522166308,1.0915024121392702
2.61,0.0171279335254073,1.0923833156661065,1.0925175854202656
2.62,-0.06526898682735845,1.0915599355055992,1.0935095488574655
2.63,-0.1474428943976752,1.084501897903873,1.0944787680286294
2.64,-0.22892064552045538,1.0712389122900972,1.0954257022500304
2.65,-0.30923241272147306,1.051836680035202,1.0963508045078543
2.66,-0.38791442664760917,1.0263965521813376,1.0972545213992426
2.67,-0.46451168418073385,0.9950549782390238,1.098137293082557
2.68,-0.5385806068369888,0.9579827492982423,1.0989995532364507
2.69,-0.6096916338580287,0.9153840399053099,1.0998417290273355
2.7,-0.6774317347964519,0.8674952543348947,1.1006642410848524
2.71,-0.7414068268816715,0.8145836840292242,1.1014675034849517
2.72,-0.80124408302181,0.7569459840778029,1.1022519237402013
2.73,-0.8565941169483359,0.6949064776645119,1.1030179027969573
2.74,-0.9071330327391188,0.6288152984087885,1.103765835039029
2.75,-0.9525643267579604,0.5590463814679949,1.104496108297492
2.7600000000000002,-0.9926206309196309,0.4859953151437578,1.1052091038663074
2.77,-1.027065287123817,0.41007706554105516,1.1059051965234143
2.7800000000000002,-1.0556937436936114,0.3317235875606212,1.1065847545569754
2.79,-1.0783347656983822,0.25138133615874625,1.1072481397964693
2.8000000000000003,-1.0948514521309056,0.16950869238014266,1.1078957076483231
2.81,-1.1051420540381263,0.08657331915608446,1.108527807135802
2.82,-1.1091405888672292,0.0030494622588550374,1.1091447809428723
2.83,-1.1068172474770774,-0.08058478788748372,1.109746965461769
2.84,-1.0981785914725881,-0.1638502576224803,1.1103346908440135
2.85,-1.0832675397392726,-0.24626945864837513,1.1109082810546245
2.86,-1.0621631442799062,-0.32736934773858817,1.1114680539292912
2.87,-1.0349801566780346,-0.40668406154265513,1.1120143212342721
2.88,-1.0018683877267334,-0.4837576106286257,1.1125473887288042
2.89,-0.9630118639587282,-0.5581465171495148,1.1130675562298085
2.9,-0.9186277859887801,-0.6294223808560228,1.1135751176786917
2.91,-0.8689652947244239,-0.6971743586013432,1.1140703612100535
2.92,-0.8143040526101564,-0.7610115429928895,1.1145535692221091
2.93,-0.7549526481366936,-0.820565226437134,1.1150250184486585
2.94,-0.6912468328648576,-0.8754910374939633,1.115484980032431
2.95,-0.623547601177252,-0.9254709372020249,1.1159337195996453
2.96,-0.5522391238746569,-0.9702150638521174,1.1163714973356391
2.97,-0.47772654757290767,-1.0094634155669535,1.116798568061416
2.98,-0.4004336726251976,-1.0429873609874774,1.11721518131098
2.99,-0.32080052298990536,-1.0705909693628493,1.1176215814093258
3.0,-0.239280822081319,-1.0921121523874315,1.118018007550961
3.0100000000000002,-0.15633938917654344,-1.107423611217561,1.1184046938788474
3.02,-0.07244947140346054,-1.1164335832272758,1.1187818695636498
3.0300000000000002,0.011909973300631913,-1.1190863842189644,1.1191497588831878
3.04,0.09625702659414624,-1.115362742985467,1.1195085813019974
3.0500000000000003,0.18010957764891916,-1.1052799263176827,1.1198585515509063
3.06,0.2629880926349997,-1.088891653759341,1.1201998797065404
3.0700000000000003,0.34441836982438734,-1.0662878026213451,1.1205327712706779
3.08,0.4239342644546411,-1.037593904975061,1.1208574272493776
3.09,0.5010803676733806,-1.0029704395401804,1.12117404423181
3.1,0.5754146241547368,-0.9626119225615029,1.1214828144687237
3.11,0.6465108733371581,-0.9167458029234229,1.1217839259504863
3.12,0.7139612996765009,-0.8656311678744725,1.1220775624846446
3.13,0.7773787778364211,-0.8095572668205762,1.1223639037729471
3.14,0.8363990993466291,-0.748841861688517,1.1226431254877822
3.15,0.8906830679450435,-0.6838294133545667,1.1229153993479855
3.16,0.9399184515782721,-0.6148891145716571,1.123180893193974
3.17,0.983821779861794,-0.5424127807065311,1.1234397710621695
3.18,1.0221399766919006,-0.4668126104110425,1.1236921932586748
3.19,1.054651818650767,-0.3885188290945656,1.1239383164321708
3.2,1.0811692108484678,-0.3079772287331414,1.1241782936460054
3.21,1.1015382728955778,-0.22564661814174516,1.1244122744494471
3.22,1.1156402287911542,-0.14199619834559768,1.1246404049480798
3.23,1.1233920956371388,-0.05750287811189238,1.1248628278733162
3.24,1.1247471672450655,0.027351454957697835,1.125079682651012
3.25,1.1196952898778045,0.1120826921227226,1.125291105469166
3.2600000000000002,1.1082629285611842,0.19620727417592576,1.1254972293446837
3.27,1.0905130236008718,0.2792449592092053,1.1256981841892018
3.2800000000000002,1.0665446381420156,0.3607215716118716,1.1258940968739561
3.29,1.0364923988059762,0.4401717165508723,1.1260850912936855
3.3000000000000003,1.0005257326231722,0.5171414443840824,1.1262712884295643
3.31,0.9588479046468844,0.5911908497480757,1.1264528064111574
3.3200000000000003,0.9116948617731413,0.661896590439274,1.1266297605773972
3.33,0.8593338894000598,0.7288543116698327,1.1268022635365709
3.34,0.8020620886299248,0.7916809618243682,1.126970425225327
3.35,0.7402046827427672,0.8500169864675187,1.1271343529666915
3.36,0.6741131626454121,0.903528388051759,1.1272941515271024
3.37,0.604163281919373,0.9519086395458293,1.127449923172457
3.38,0.5307529129493408,0.9948804410421546,1.1276017677231809
3.39,0.45429977640648833,1.0321973093019208,1.127749782608319
3.4,0.37523905708288324,1.0636449911538606,1.1278940629186534
3.41,0.29402091972089,1.0890426926718044,1.1280347014588568
3.42,0.21110793905087422,1.1082441171108963,1.128171788798682
3.43,0.12697245873858454,1.121138305677008,1.1283054133231984
3.44,0.04209389434752782,1.1276502763320702,1.1284356612820843
3.45,-0.04304400426080658,1.127741456993304,1.1285626168379779
3.46,-0.1279559154366496,1.121409910660093,1.1286863621138996
3.47,-0.212157717369447,1.1086903511917732,1.1288069772397544
3.48,-0.29516925299131647,1.0896539496561317,1.128924540397922
3.49,-0.37651707235541837,1.0644079323650864,1.1290391278679466
3.5,-0.4557371368191806,1.0330949729040195,1.1291508140703355
3.5100000000000002,-0.5323774695827422,0.995892381637806,1.1292596716094776
3.52,-0.6060007374415532,0.9530110973329653,1.1293657713156924
3.5300000000000002,-0.6761867490070017,0.9046944866650292,1.1294691822864218
3.54,-0.74253485512796,0.8512169584766863,1.1295699719265742
3.5500000000000003,-0.8046662378064886,0.7928824007093191,1.1296682059880334
3.56,-0.8622260745393933,0.7300224489421622,1.1297639486083468
3.5700000000000003,-0.9148855657302397,0.6629945964337336,1.1298572623485985
3.58,-0.9623438135996994,0.5921801564639566,1.1299482082304875
3.59,-1.0043295418712508,0.5179820886173604,1.1300368457726144
3.6,-1.0406026464194347,0.4408227014231488,1.1301232330259976
3.61,-1.0709555680338538,0.36114124447233703,1.1302074266088251
3.62,-1.0952144794683967,0.27939140376159705,1.1302894817404552
3.63,-1.1132402800059509,0.19603871456433591,1.1303694522746823
3.64,-1.1249293918680914,0.11155790659874983,1.1304473907322752
3.65,-1.1302143539306118,0.026430196647482945,1.130523348332804
3.66,-1.1290642093628593,-0.058859455918093315,1.1305973750257658
3.67,-1.1214846849850297,-0.1438251150457654,1.1306695195210221
3.68,-1.1075181613261775,-0.2279826395584765,1.1307398293185604
3.69,-1.0872434335599144,-0.3108524445435886,1.130808350737594
3.7,-1.0607752646878057,-0.3919622368199512,1.130875128945006
3.71,-1.0282637335255294,-0.47084970887655014,1.1309402079831599
3.72,-0.9898933812171768,-0.5470651759147139,1.1310036307970774
3.73,-0.9458821611519962,-0.6201741409516502,1.1310654392610042
3.74,-0.8964801982788495,-0.6897597733546107,1.1311256742043694
3.75,-0.8419683649003051,-0.7554252866698703,1.1311843754371562
3.7600000000000002,-0.7826566810744172,-0.8167962021861256,1.131241581774689
3.77,-0.718882548751914,-0.8735224853245758,1.131297331061853
3.7800000000000002,-0.6510088297240271,-0.925280542674118,1.1313516601967566
3.79,-0.5794217783461586,-0.9717750682856119,1.1314046051538462
3.8000000000000003,-0.5045288408299439,-1.012740728699514,1.131456201006486
3.81,-0.4267563336563068,-1.0479436771014274,1.1315064819490137
3.8200000000000003,-0.3465470143505239,-1.0771828879750118,1.1315554813182822
3.83,-0.2643575584731751,-1.100291304645696,1.1316032316146971
3.84,-0.18065595721470218,-1.1171367931758702,1.1316497645227641
3.85,-0.09591885043307952,-1.1276228971766529,1.1316951109311517
3.86,-0.010628810341265255,-1.131689389236592,1.1317393009522825
3.87,0.07472840866843662,-1.1293126158273494,1.1317823639414637
3.88,0.15966663838379822,-1.1205056337238644,1.1318243285155614
3.89,0.24370206753376655,-1.1053181371650462,1.1318652225712391
3.9,0.32635599915627767,-1.083836176173883,1.1319050733027556
3.91,0.4071575788549802,-1.0561816676462195,1.1319439072193456
3.92,0.4856464783937797,-1.0225117019985421,1.1319817501621814
3.93,0.5613755193334333,-0.9830176493302072,1.1320186273209325
3.94,0.6339132217568806,-0.9379240701980058,1.1320545632499264
3.95,0.7028462635576331,-0.8874874372142932,1.132089581883925
3.96,0.7677818362759117,-0.8319946747577558,1.1321237065535175
3.97,0.8283498840574108,-0.771761525122138,1.132156960000147
3.98,0.8842052129762074,-0.7071307504169814,1.1321893643907734
3.99,0.9350294587026129,-0.6384701804700262,1.1322209413321807
4.0,0.9805329013044853,-0.566170617858068,1.1322517118849404
4.01,1.0204561168420463,-0.49064361200674345,1.1322816965770364
4.0200000000000005,1.0545714563466404,-0.4123191150453339,1.1323109154171576
4.03,1.0826843437578102,-0.3316430327759592,1.1323393879076697
4.04,1.1046343854249356,-0.2490746847136741,1.1323671330572702
4.05,1.1202962848536262,-0.1650841876715753,1.132394169393335
4.0600000000000005,1.129580557486932,-0.08014977780013366,1.1324205149739643
4.07,1.132434041450934,0.005244913659879363,1.132446187399735
4.08,1.1288402013568937,0.0906136153882998,1.1324712038251616
4.09,1.118819223431266,0.17547018606297202,1.132495580969884
4.1,1.1024279014337846,0.2593313837209631,1.132519335129572
4.11,1.0797593140157549,0.34171961862547773,1.1325424821865693
4.12,1.0509422953588334,0.42216567395480453,1.1325650376202718
4.13,1.0161407021121878,0.5002113788133995,1.132587016517253
4.14,0.9755524808062874,0.5754122183372675,1.132608433581137
4.15,0.9294085410580937,0.6473398660245827,1.1326293031422323
4.16,0.8779714409885983,0.7155846238659449,1.1326496391669232
4.17,0.8215338923432329,0.7797577563742739,1.132669455266833
4.18,0.7604170938325249,0.8394937052190943,1.132688764707758
4.19,0.694968902188679,0.8944521718504164,1.1327075804183817
4.2,0.6255618513579455,0.9443200562496951,1.1327259149987732
4.21,0.5525910311134287,0.988813240765154,1.1327437807286733
4.22,0.47647183717348407,1.0276782088714358,1.1327611895755776
4.23,0.39763760564248346,1.0606934896340416,1.1327781532026153
4.24,0.31653714524933585,1.0876709196520022,1.132794682976236
4.25,0.23363218144099257,1.1084567152920168,1.1328107899737025
4.26,0.14939472688992503,1.1229323491079877,1.1328264849903973
4.2700000000000005,0.06430439339339021,1.1310152254553079,1.1328417785469482
4.28,-0.021154339524186785,1.132659151453073,1.132856680896176
4.29,-0.10649488374808166,1.1278546006130754,1.1328712020298677
4.3,-0.19123131373406416,1.1166287676353568,1.132885351685382
4.3100000000000005,-0.2748811339095971,1.0990454140595272,1.1328991393520886
4.32,-0.35696802655361887,1.075204505652213,1.132912574277647
4.33,-0.437024564504543,1.0452416435971206,1.132925665474128
4.34,-0.5145948732466901,1.009327292728504,1.1329384217239824
4.3500000000000005,-0.5892372272139216,0.9676658112046609,1.1329508515858597
4.36,-0.6605265655241366,0.9204942871488322,1.1329629634002818
4.37,-0.7280569128173723,0.8680811888841312,1.1329747652951718
4.38,-0.79144369141091,0.8107248364506205,1.1329862651912481
4.39,-0.8503259116039422,0.7487517031103288,1.1329974708072799
4.4,-0.9043682276584792,0.682514556514085,1.1330083896652121
4.41,-0.9532628477483113,0.6123904501170145,1.1330190290951603
4.42,-0.9967312869996294,0.538778576282205,1.1330293962402818
4.43,-1.0345259536406202,0.4620979932995515,1.1330394980615226
4.44,-1.066431559227877,0.3827852392646496,1.1330493413422453
4.45,-1.0922663449194219,0.3012918464067387,1.1330589326927418
4.46,-1.1118831168117767,0.21808177002143217,1.1330682785546295
4.47,-1.125170084445921,0.13362874665009522,1.1330773852051397
4.48,-1.1320514977079077,0.048413596550463775,1.1330862587612949
4.49,-1.1324880784980114,-0.037078514179839206,1.1330949051839845
4.5,-1.1264772447110152,-0.12236083623565173,1.1331033302819336
4.51,-1.1140531252529429,-0.2069478087604471,1.1331115397155744
4.5200000000000005,-1.0952863660094803,-0.29035782424307977,1.133119539000819
4.53,-1.0702837278717343,-0.37211597091050286,1.1331273335127359
4.54,-1.039187479109059,-0.4517567370001651,1.133134928489135
4.55,-1.0021745855497117,-0.5288266615130165,1.1331423290340623
4.5600000000000005,-0.9594557031814017,-0.6028869163529561,1.1331495401212033
4.57,-0.9112739789088233,-0.6735158051494006,1.133156566597204
4.58,-0.8579036662976044,-0.7403111645342083,1.1331634131849064
4.59,-0.7996485641875413,-0.8028926541997662,1.1331700844865
4.6000000000000005,-0.7368402870665329,-0.8609039226984601,1.1331765849865973
4.61,-0.6698363770545225,-0.9140146366514045,1.133182919055228
4.62,-0.5990182682485629,-0.96192236181217,1.1331890909507603
4.63,-0.5247891150206999,-1.0043542852748837,1.1331951048227449
4.64,-0.44757149663493373,-1.0410687690206974,1.1332009647146903
4.65,-0.3678050112536623,-1.0718567259570464,1.1332066745667646
4.66,-0.285943773033731,-1.096542810614917,1.1332122382184318
4.67,-0.20245382656391397,-1.1149864177247244,1.1332176594110175
4.68,-0.11781049336620436,-1.1270824829853747,1.1332229417902138
4.69,-0.03249566557001214,-1.132762081467424,1.1332280889085167
4.7,0.053004937830942095,-1.1319928202435168,1.1332331042276047
4.71,0.13820453651630185,-1.1247790230109602,1.1332379911206543
4.72,0.22261806042458648,-1.1111617056556597,1.1332427528745992
4.73,0.3057649116054718,-1.0912183428969942,1.13324739269233
4.74,0.3871717006132861,-1.0650624273427505,1.1332519136948394
4.75,0.46637494186121664,-1.0328428234651983,1.1332563189233122
4.76,0.5429236925894813,-0.994742920177041,1.133260611341162
4.7700000000000005,0.6163821204218501,-0.9509795868326798,1.1332647938360172
4.78,0.6863319848915858,-0.9018019385994375,1.1332688692216546
4.79,0.752375018807776,-0.8474899182287516,1.1332728402398857
4.8,0.8141351959033889,-0.7883527023026675,1.1332767095623943
4.8100000000000005,0.8712608718539161,-0.7247269410302989,1.133280479792527
4.82,0.9234267864765224,-0.6569748416165904,1.133284153467038
4.83,0.9703359157100611,-0.5854821061163038,1.1332877330577904
4.84,1.0117211628316587,-0.5106557355146095,1.1332912209734134
4.8500000000000005,1.047346879280945,-0.4329217125372577,1.1332946195609184
4.86,1.0770102064331861,-0.3527225763837156,1.1332979311072708
4.87,1.100542230682058,-0.2705149031919415,1.1333011578409269
4.88,1.1178089452557614,-0.18676670658012953,1.133304301933327
4.89,1.1287120132905744,-0.10195477306574738,1.1333073655003525
4.9,1.1331893278175111,-0.01656194753290438,1.1333103506037459
4.91,1.1312153654740438,0.06892561579656868,1.133313259252494
4.92,1.1228013319272871,0.15402122123660275,1.1333160934041768
4.93,1.1079950981809386,0.23824040259597706,1.1333188549662805
4.94,1.086880928128866,0.3211036814465396,1.1333215457974786
4.95,1.0595789989067657,0.40213929699640116,1.133324167708879
4.96,1.0262447167729962,0.48088589202566323,1.1333267224652408
4.97,0.9870678324138334,0.5568951395924466,1.133329211786158
4.98,0.942271360710333,0.6297342955542573,1.1333316373472149
4.99,0.8921103111172585,0.6989886623721366,1.1333340007811115
5.0,0.8368702358827718,0.7642639501701928,1.1333363036787594
5.01,0.7768656043746669,0.8251885216081161,1.1333385475903504
5.0200000000000005,0.7124380127689455,0.8814155077858178,1.1333407340263983
5.03,0.6439542392938479,0.9326247831336315,1.133342864458753
5.04,0.571804156101737,0.978524788044395,1.1333449403215896
5.05,0.49639850965746724,1.0188541888706215,1.133346963012372
5.0600000000000005,0.4181665822804227,1.0533833658359313,1.1333489338927905
5.07,0.3375537481540064,1.0819157203896834,1.1333508542896793
5.08,0.2550189377171615,1.1042887945617346,1.133352725495906
5.09,0.17103202487408076,1.120375195944615,1.1333545487712409
5.1000000000000005,0.08607115189764637,1.1300833230370506,1.133356325343204
5.11,0.0006200072568360165,1.1333578868193714,1.13335805640789
5.12,-0.08483492813368562,1.1301802255914766,1.1333597431307716
5.13,-0.16980715056382378,1.1205684112810346,1.1333613866474836
5.14,-0.25381290330970363,1.104577146616834,1.1333629880645864
5.15,-0.3363739307775437,1.0822974537528505,1.1333645484603085
5.16,-0.41702020132964435,1.0538561561159292,1.1333660688852736
5.17,-0.4952925832907162,1.0194151564272038,1.1333675503632048
5.18,-0.5707454588993578,0.9791705150078055,1.133368993891614
5.19,-0.6429492613228158,0.9333513336164346,1.133370400442473
5.2,-0.7114929202912056,0.8822184511735145,1.1333717709628657
5.21,-0.7759862024276478,0.8260629587976054,1.1333731063756263
5.22,-0.8360619329503208,0.7652045426084431,1.1333744075799592
5.23,-0.8913780860978257,0.6999896637315106,1.1333756754520434
5.24,-0.9416197323766695,0.6307895858658873,1.1333769108456235
5.25,-0.9865008315448329,0.557998261644951,1.1333781145925812
5.26,-1.025765861123659,0.4820300898234178,1.1333792875034967
5.2700000000000005,-1.0591912711666909,0.40331755605959246,1.133380430368194
5.28,-1.086586757003244,0.32230877072440073,1.133381543956271
5.29,-1.1077963427108248,0.23946491775499903,1.133382629017618
5.3,-1.1226992691480646,0.15525762907717883,1.133383686282922
5.3100000000000005,-1.1312106814925194,0.07016629954451072,1.1333847164641582
5.32,-1.1332821123691528,-0.015324642319196682,1.1333857202550686
5.33,-1.1289017578190512,-0.10072849223595018,1.1333866983316292
5.34,-1.1180945445373263,-0.1855590410468264,1.1333876513525056
5.3500000000000005,-1.1009219879974936,-0.269333342767368,1.1333885799594938
5.36,-1.07748184227014,-0.35157446406612464,1.1333894847779546
5.37,-1.0479075435295957,-0.4318141995131208,1.1333903664172327
5.38,-1.0123674504169033,-0.5095957371399272,1.133391225471067
5.39,-0.9710638855838852,-0.5844762591359144,1.133392062517991
5.4,-0.9242319838750199,-0.6560294628745595,1.1333928781217208
5.41,-0.8721383537046627,-0.7238479879172693,1.133393672831536
5.42,-0.8150795592506469,-0.7875457351774751,1.1333944471826474
5.43,-0.7533804321054062,-0.8467600650417176,1.1333952016965585
5.44,-0.6873922219966727,-0.9011538619335664,1.1333959368814166
5.45,-0.617490597105991,-0.9504174535665831,1.1333966532323543
5.46,-0.5440735053695349,-0.9942703739598285,1.1333973512318223
5.47,-0.4675589089371507,-1.0324629601788937,1.133398031349915
5.48,-0.38838240468765967,-1.0647777737120694,1.133398694044686
5.49,-0.3069947443471397,-1.0910308383896439,1.1333993397624575
5.5,-0.22385926832846198,-1.1110726877987673,1.13339996893812
5.51,-0.13944926790154344,-1.124789216230886,1.1334005819954245
5.5200000000000005,-0.05424529071178284,-1.1321023283172658,1.133401179347269
5.53,0.0312675950133383,-1.132970383654216,1.1334017613959753
5.54,0.11660256199432865,-1.1273884338867666,1.1334023285335606
5.55,0.20127379544476245,-1.1153882509011153,1.1334028811420012
5.5600000000000005,0.28479925885268137,-1.0970381459653888,1.133403419593489
5.57,0.36670343825247076,-1.0724425808484206,1.1334039442506827
5.58,0.44652004936382483,-1.041741573130527,1.1334044554669518
5.59,0.5237946921858262,-1.0051098990919514,1.133404953586615
5.6000000000000005,0.5980874379333181,-0.9627560987170397,1.1334054389451707
5.61,0.6689753335879368,-0.9149212884787932,1.1334059118695237
5.62,0.7360548098052084,-0.8618777886627462,1.1334063726782055
5.63,0.7989439784693222,-0.803927573044967,1.1334068216815882
5.64,0.8572848068154456,-0.7414005497503161,1.133407259182094
5.65,0.9107451557421632,-0.6746526830782018,1.1334076854743989
5.66,0.9590206707098025,-0.6040639669884446,1.1334081008456292
5.67,1.001836514459656,-0.5300362617843677,1.1334085055755578
5.68,1.0389489316896365,-0.45299100630905254,1.1334088999367902
5.69,1.0701466367785926,-0.3733668186793997,1.13340928419495
5.7,1.0952520166589057,-0.2916169992171948,1.133409658608855
5.71,1.1141221419893754,-0.20820694979316662,1.133410023430695
5.72,1.1266495808717472,-0.12361152427588583,1.133410378906198
5.73,1.132763010478382,-0.038312325169569006,1.133410725274799
5.74,1.1324276231090644,0.047205038168804614,1.1334110627697984
5.75,1.125645324365276,0.13245371412393192,1.1334113916185207
5.76,1.112454722313747,0.21694838048918788,1.1334117120424676
5.7700000000000005,1.0929309077010099,0.30020800742694037,1.1334120242574663
5.78,1.0671850264702318,0.3817585959925018,1.1334123284738153
5.79,1.0353636470140397,0.461135876631165,1.1334126248964258
5.8,0.9976479257656242,0.537887952285652,1.1334129137249604
5.8100000000000005,0.9542525758784793,0.6115778710666451,1.1334131951539663
5.82,0.9054246448661557,0.6817861138400763,1.1334134693730076
5.83,0.8514421081610043,0.7481129825692386,1.133413736566792
5.84,0.792612286598863,0.8101808758147946,1.1334139969152954
5.8500000000000005,0.7292700968390347,0.8676364384381751,1.1334142505938842
5.86,0.6617761446800067,0.9201525732700344,1.1334144977734313
5.87,0.5905146721257593,0.9674303032912657,1.1334147386204325
5.88,0.5158913698901106,1.0092004737251237,1.133414973297119
5.89,0.438331067792609,1.0452252843503969,1.1334152019615658
5.9,0.35827531619464376,1.075299643312131,1.1334154247677979
5.91,0.2761798722447589,1.099252334722628,1.1334156418658954
5.92,0.19251210524406948,1.1169469934055474,1.1334158534020933
5.93,0.10774833590313164,1.128282881233874,1.1334160595188805
5.94,0.022371124637968698,1.1331954606420562,1.1334162603550955
5.95,-0.06313347565692419,1.1316567620473075,1.13341645604602
5.96,-0.14827868671854688,1.1236755430883507,1.1334166467234708
5.97,-0.23257977615509073,1.1092972387750697,1.1334168325158869
5.98,-0.31555681703861715,1.088603702832886,1.1334170135484176
5.99,-0.3967374201402799,1.0617127417144128,1.133417189943006
6.0,-0.475659423253405,1.0287774439312816,1.133417361818471
6.01,-0.5518735222940429,0.9899853085242971,1.1334175292905881
6.0200000000000005,-0.6249458292000758,0.9455571776335684,1.1334176924721662
6.03,-0.6944603420667022,0.8957459792455411,1.1334178514731248
6.04,-0.7600213134557632,0.8408352872745128,1.133418006400567
6.05,-0.8212555033960799,0.7811377071761347,1.1334181573588529
6.0600000000000005,-0.8778143042484254,0.7169930962836486,1.1334183044496682
6.07,-0.929375725338239,0.6487666289985367,1.1334184477720939
6.08,-0.9756462260575346,0.5768467178505023,1.1334185874226728
6.09,-1.0163623870001277,0.5016428022622408,1.1334187234954745
6.1000000000000005,-1.051292409616382,0.4235830176076114,1.1334188560821585
6.11,-1.080237435849926,0.3431117578333176,1.1334189852720362
6.12,-1.1030326802436314,0.2606871455201379,1.133419111152131
6.13,-1.1195483680697647,0.17677842378670178,1.1334192338072369
6.140000000000001,-1.129690474143532,0.09186328488375055,1.1334193533199755
6.15,-1.13340125811395,0.006425150687244405,1.1334194697708517
6.16,-1.1306595931846324,-0.07904957942748525,1.1334195832383083
6.17,-1.1214810863930909,-0.16407429766264098,1.1334196937987782
6.18,-1.1059179897638105,-0.24816495806152505,1.1334198015267363
6.19,-1.0840589028409133,-0.3308428321876145,1.1334199064947497
6.2,-1.0560282682939068,-0.41163723453102674,1.1334200087735258
6.21,-1.0219856634680522,-0.49008820212660126,1.1334201084319615
6.22,-0.9821248919125707,-0.5657491131284986,1.133420205537188
6.23,-0.9366728800586409,-0.6381892294337415,1.1334203001546168
6.24,-0.8858883853284196,-0.7069961488795135,1.1334203923479838
6.25,-0.8300605230298446,-0.7717781530538333,1.1334204821793918
6.26,-0.7695071204236306,-0.832166437353494,1.1334205697093531
6.2700000000000005,-0.7045729073327806,-0.8878172105935286,1.133420654996829
6.28,-0.6356275535954965,-0.9384136522151091,1.1334207380992707
6.29,-0.5630635645342957,-0.98366771594948,1.1334208190726576
6.3,-0.48729404642245294,-1.023321769669654,1.1334208979715348
6.3100000000000005,-0.4087503546689918,-1.0571500620941874,1.13342097484905
6.32,-0.32787963811113474,-1.0849600079930815,1.1334210497569894
6.33,-0.24514229339457766,-1.1065932845791293,1.1334211227458129
6.34,-0.1610093439338265,-1.1219267328429476,1.1334211938646868
6.3500000000000005,-0.07595975837419729,-1.1308730587003943,1.1334212631615184
6.36,0.009522276178502542,-1.1333813299607391,1.1334213306829872
6.37,0.09495011063708764,-1.1294372662863512,1.1334213964745774
6.38,0.17983740442824742,-1.1190633204931655,1.1334214605806077
6.390000000000001,0.2637008942314904,-1.1023185507290918,1.1334215230442612
6.4,0.34606314519933207,-1.0792982842580603,1.133421583907615
6.41,0.42645526899601394,-1.050133574763789,1.1334216432116677
6.42,0.5044195931809454,-1.014990456262851,1.133421700996368
6.43,0.5795122667400548,-0.9740689978745232,1.1334217573006413
6.44,0.6513057869317488,-0.9276021648286238,1.1334218121624156
6.45,0.7193914330621352,-0.8758544921956274,1.1334218656186463
6.46,0.7833815933340189,-0.8191205788895262,1.1334219177053437
6.47,0.8429119715229113,-0.757723410517087,1.133421968457594
6.48,0.8976436609174405,-0.6920125206215363,1.1334220179095855
6.49,0.9472650737172154,-0.6223620007887208,1.1334220660946306
6.5,0.991493714904077,-0.5491683709442222,1.1334221130451876
6.51,1.030077790488086,-0.4728483219658324,1.1334221587928837
6.5200000000000005,1.0627976409724995,-0.3938363434627079,1.1334222033685357
6.53,1.0894669918770215,-0.31258225022626457,1.1334222468021709
6.54,1.1099340142000969,-0.22954862143473648,1.1334222891230474
6.55,1.1240821887830397,-0.1452081671900162,1.1334223303596735
6.5600000000000005,1.1318309696551712,-0.06004103737908857,1.1334223705398276
6.57,1.133136242583546,0.02546791181928275,1.1334224096905758
6.58,1.1279905762167464,0.11083187822083305,1.1334224478382917
6.59,1.1164232643929843,0.19556488500072355,1.1334224850086723
6.6000000000000005,1.098500159371658,0.2791845473597325,1.1334225212267561
6.61,1.074323296937775,0.3612148187410764,1.1334225565169413
6.62,1.04403031551353,0.4411887009636456,1.1334225909030002
6.63,1.0077936725840357,0.5186509028428641,1.1334226244080965
6.640000000000001,0.9658196628981012,0.593160432163643,1.1334226570547994
6.65,0.9183472440334427,0.6642931062493249,1.1334226888651013
6.66,0.8656466760123886,0.7316439668339504,1.1334227198604305
6.67,0.8080179827127486,0.7948295854899782,1.1334227500616663
6.68,0.7457892438330381,0.8534902464866613,1.1334227794891527
6.69,0.6793147271359029,0.9072919946520663,1.1334228081627136
6.7,0.6089728716028825,0.9559285365802606,1.133422836101664
6.71,0.5351641329824158,0.999122984360095,1.1334228633248244
6.72,0.45830870399638396,1.0366294318985394,1.1334228898505332
6.73,0.3788441221840548,1.0682343548645625,1.1334229156966587
6.74,0.29722277900197447,1.0937578262836791,1.133422940880612
6.75,0.2139093443604992,1.113054540862788,1.1334229654193577
6.76,0.12937812125907938,1.1260146422138224,1.1334229893294259
6.7700000000000005,0.04411034558035648,1.1325643482668306,1.1334230126269227
6.78,-0.04140855358465814,1.1326663713120142,1.1334230353275423
6.79,-0.12669171748335573,1.1263201302794261,1.1334230574465767
6.8,-0.21125362938738582,1.113561754047822,1.1334230789989257
6.8100000000000005,-0.2946128786383909,1.0944638757638319,1.133423099999108
6.82,-0.376294901317912,1.0691352193423918,1.1334231204612695
6.83,-0.4558346819388356,1.0377199805024921,1.1334231403991943
6.84,-0.5327794007776576,1.0003970058620055,1.1334231598263138
6.8500000000000005,-0.6066910117763065,0.9573787747650082,1.1334231787557139
6.86,-0.6771487363375361,0.908910189638052,1.1334231972001463
6.87,-0.7437514588167164,0.8552671817618874,1.1334232151720358
6.88,-0.8061200100724927,0.7967551403959782,1.133423232683489
6.890000000000001,-0.8638993260760653,0.7337071741987999,1.133423249746302
6.9,-0.9167604692901333,0.6664822148416546,1.1334232663719688
6.91,-0.9644025013097961,0.5954629736121229,1.133423282571689
6.92,-1.0065541961044746,0.5210537626402099,1.1334232983563755
6.93,-1.042975584107372,0.44367819315093676,1.1334233137366612
6.94,-1.0734593183619747,0.36377676384722324,1.1334233287229065
6.95,-1.0978318549481303,0.28180435315239094,1.133423343325207
6.96,-1.1159544409675373,0.19822762958894533,1.1334233575533994
6.97,-1.1277239044640512,0.11352239503634313,1.1334233714170676
6.98,-1.1330732417817948,0.02817087599257226,1.1334233849255513
6.99,-1.1319719990172428,-0.05734102173961571,1.13342339808795
7.0,-1.1244264453936796,-0.14252647931275667,1.1334234109131307
7.01,-1.1104795375710093,-0.22690053629269846,1.133423423409732
7.0200000000000005,-1.0902106750941039,-0.30998285153669636,1.1334234355861728
7.03,-1.0637352483719222,-0.3913004377739094,1.1334234474506553
7.04,-1.0312039817607548,-0.4703903543203388,1.1334234590111716
7.05,-0.9928020754914196,-0.5468023425985924,1.1334234702755095
7.0600000000000005,-0.9487481513254169,-0.620101389458468,1.1334234812512571
7.07,-0.8992930079424184,-0.6898702037053827,1.1334234919458077
7.08,-0.8447181931446684,-0.7557115917377781,1.1334235023663661
7.09,-0.7853344010067319,-0.8172507187690088,1.1334235125199512
7.1000000000000005,-0.7214797030956114,-0.8741372427605831,1.133423522413403
7.11,-0.653517623830892,-0.9260473089182858,1.1334235320533865
7.12,-0.5818350709418819,-0.9726853933965204,1.1334235414463953
7.13,-0.5068401328036507,-1.0137859857146723,1.1334235505987564
7.140000000000001,-0.42895975519172147,-1.0491151003075017,1.1334235595166358
7.15,-0.34863731068164683,-1.0784716086043165,1.1334235682060405
7.16,-0.2663300745308669,-1.1016883840534037,1.133423576672824
7.17,-0.1825066214126448,-1.118633253573102,1.1334235849226901
7.18,-0.09764415782246458,-1.1292097500129055,1.133423592961196
7.19,-0.012225805343490992,-1.1333576613408443,1.1334236007937566
7.2,0.07326214976254893,-1.1310533734306205,1.1334236084256482
7.21,0.15833302498099416,-1.122310004497013,1.133423615862012
7.22,0.2425025122257517,-1.1071773304142118,1.1334236231078572
7.23,0.32529143500319324,-1.0857415013422476,1.133423630168065
7.24,0.40622847636192416,-1.0581245512747572,1.1334236370473914
7.25,0.4848528620982171,-1.0244837033002336,1.1334236437504708
7.26,0.5607169839416334,-0.9850104745319002,1.133423650281818
7.2700000000000005,0.6333889477870475,-0.9399295858018456,1.1334236566458336
7.28,0.7024550324659993,-0.8894976823265235,1.1334236628468037
7.29,0.7675220450596015,-0.8340018726268638,1.1334236688889059
7.3,0.8282195593442138,-0.7737580940209192,1.1334236747762105
7.3100000000000005,0.8842020246264232,-0.7091093139942894,1.1334236805126834
7.32,0.935150732961743,-0.6404235776879141,1.133423686102189
7.33,0.9807756335576622,-0.5680919126188797,1.1334236915484917
7.34,1.020816984031657,-0.49252610256265483,1.1334236968552611
7.3500000000000005,1.055046829123561,-0.41415634327003326,1.133423702026072
7.36,1.0832702984439904,-0.333428793364779,1.1334237070644078
7.37,1.1053267158707478,-0.2508030343647013,1.1334237119736619
7.38,1.1210905142774206,-0.16674945428625002,1.1334237167571417
7.390000000000001,1.130471950386621,-0.0817465697277576,1.1334237214180696
7.4,1.1334176156782192,0.003721698323303102,1.1334237259595854
7.41,1.1299107404439672,0.08916877945022832,1.1334237303847479
7.42,1.119971289257534,0.17410822385018587,1.1334237346965383
7.43,1.1036558473164413,0.2580564716906676,1.1334237388978619
7.44,1.0810572983029554,0.340535606013358,1.1334237429915477
7.45,1.052304295597872,0.4210760735131504,1.133423746980354
7.46,1.017560529857572,0.49921935770292736,1.1334237508669676
7.47,0.9770237971240286,0.5745205892457915,1.133423754654007
7.48,0.9309248727730116,0.6465510785941371,1.1334237583440228
7.49,0.8795261977110973,0.7149007565172599,1.1334237619395011
7.5,0.8231203843009584,0.7791805086235938,1.1334237654428636
7.51,0.7620285505206938,0.8390243905871488,1.1334237688564706
7.5200000000000005,0.6965984918408238,0.894091711466879,1.1334237721826215
7.53,0.6272027012264427,0.9440689732586509,1.133423775423557
7.54,0.5542362485366524,0.9886716556379538,1.13342377858146
7.55,0.4781145313938421,1.0276458357328204,1.1334237816584583
7.5600000000000005,0.3992709103271065,1.060769633705598,1.133423784656624
7.57,0.3181542416529204,1.0878544759138802,1.1334237875779773
7.58,0.23522632213836683,1.1087461684594297,1.133423790424486
7.59,0.15095925999444026,1.123325775013387,1.1334237931980673
7.6000000000000005,0.0658327871663464,1.1315102939203041,1.1334237959005902
7.61,-0.01966847177808198,1.133253130726261,1.1334237985338746
7.62,-0.10505775861364905,1.1285443634409578,1.1334238010996946
7.63,-0.18984895256996318,1.1174107990236528,1.133423803599779
7.640000000000001,-0.27355933781457964,1.0999158207713686,1.1334238060358115
7.65,-0.35571235155185066,1.0761590274781865,1.1334238084094332
7.66,-0.43584029709256933,1.0462756664198933,1.133423810722243
7.67,-0.5134870064489154,1.010435863391997,1.133423812975799
7.68,-0.588210437296563,0.9688436541844999,1.1334238151716192
7.69,-0.6595851895194577,0.9217358230072403,1.1334238173111828
7.7,-0.727204927010586,0.8693805544786406,1.1334238193959312
7.71,-0.7906846909414382,0.8120759068520842,1.1334238214272685
7.72,-0.8496630913307313,0.7501481151718358,1.1334238234065632
7.73,-0.903804364435804,0.6839497340186296,1.1334238253351487
7.74,-0.9528002842539651,0.6138576304182668,1.133423827214324
7.75,-0.9963719172516252,0.5402708383395828,1.1334238290453555
7.76,-1.0342712103315503,0.46360828699611734,1.1334238308294757
7.7700000000000005,-1.0662824029979474,0.3843064158842546,1.1334238325678876
7.78,-1.092223255679931,0.3028166901354097,1.1334238342617613
7.79,-1.1119460872205353,0.21960303032734813,1.1334238359122382
7.8,-1.125338615624849,0.13513917138671133,1.1334238375204302
7.8100000000000005,-1.1323245972809,0.049905965618501275,1.1334238390874207
7.82,-1.1328642610142068,-0.03561135478363539,1.133423840614265
7.83,-1.1269545345049299,-0.12092594016180849,1.1334238421019918
7.84,-1.1146290617786279,-0.20555209502650268,1.1334238435516029
7.8500000000000005,-1.0959580116710452,-0.2890080431185227,1.1334238449640757
7.86,-1.0710476783573413,-0.37081867015878134,1.1334238463403608
7.87,-1.0400398762199448,-0.4505182286714704,1.1334238476813858
7.88,-1.003111132500049,-0.5276529894820686,1.133423848988054
7.890000000000001,-0.9604716823289783,-0.6017838247952235,1.1334238502612455
7.9,-0.9123642718607067,-0.6724887081470567,1.1334238515018178
7.91,-0.8590627763192908,-0.7393651169996782,1.133423852710607
7.92,-0.8008706408286644,-0.8020323242999493,1.1334238538884271
7.930000000000001,-0.7381191529011439,-0.8601335659566647,1.1334238550360718
7.94,-0.6711655564193583,-0.9133380718967146,1.133423856154314
7.95,-0.6003910178486953,-0.9613429491374365,1.1334238572439068
7.96,-0.5261984562586056,-1.0038749061548347,1.1334238583055845
7.97,-0.4490102495064433,-1.0406918087308474,1.1334238593400623
7.98,-0.3692658296425252,-1.071584058422233,1.1334238603480367
7.99,-0.28741918122575716,-1.0963757858034564,1.133423861330187
8.0,-0.2039362567919029,-1.1149258516904539,1.133423862287175
8.01,-0.11929232418822087,-1.1271286506453098,1.133423863219645
8.02,-0.03396926087608047,-1.1329147121875018,1.133423864128225
8.03,0.051547189394921936,-1.1322510962890198,1.1334238650135275
8.040000000000001,0.13677018192360674,-1.1251415809018068,1.1334238658761486
8.05,0.2212145426615672,-1.111626640449931,1.1334238667166696
8.06,0.30439953030650896,-1.09178321540893,1.1334238675356565
8.07,0.3858515731599896,-1.065724274284114,1.133423868333661
8.08,0.4651069651686412,-1.0335981704814818,1.1334238691112208
8.09,0.5417145058003278,-0.9955877977325799,1.1334238698688597
8.1,0.6152380687264354,-0.9519095488814673,1.1334238706070878
8.11,0.685259084686801,-0.9028120839614066,1.1334238713264027
8.120000000000001,0.7513789244023417,-0.8485749145746134,1.1334238720272891
8.13,0.8132211679694767,-0.7895068126341849,1.1334238727102186
8.14,0.8704337478166903,-0.7259440525272286,1.1334238733756516
8.15,0.9226909530233947,-0.6582484967065511,1.1334238740240363
8.16,0.9696952835905183,-0.5868055356096197,1.1334238746558096
8.17,1.011179144106464,-0.5120218936328309,1.133423875271397
8.18,1.046906367166407,-0.43432331365166055,1.1334238758712127
8.19,1.0766735578721156,-0.3541521332687113,1.1334238764556617
8.2,1.1003112517580613,-0.2719647665880649,1.1334238770251368
8.21,1.1176848795517547,-0.18822910585218433,1.1334238775800223
8.22,1.1286955332759276,-0.10342185773383357,1.1334238781206913
8.23,1.1332805293311505,-0.01802582944749112,1.1334238786475088
8.24,1.1314137653532539,0.06747281986958893,1.133423879160829
8.25,1.1231058688139703,0.15258734685879533,1.1334238796609986
8.26,1.1084041365188118,0.23683319496754757,1.1334238801483536
8.27,1.0873922653466221,0.3197307530272091,1.1334238806232224
8.28,1.060189875763703,0.4008080856769561,1.1334238810859254
8.290000000000001,1.026951830825143,0.4796036200893127,1.1334238815367739
8.3,0.9878673545402756,0.5556687737018392,1.1334238819760718
8.31,0.943158954621402,0.6285705079953092,1.133423882404115
8.32,0.8930811557485692,0.6978937937797315,1.1334238828211916
8.33,0.8379190505619175,0.7632439739533541,1.133423883227583
8.34,0.7779866766307921,0.8242490102834787,1.1334238836235624
8.35,0.7136252286395235,0.8805616014181719,1.1334238840093973
8.36,0.6452011159678951,0.9318611600710435,1.1334238843853468
8.370000000000001,0.5731038767244822,0.9778556381229924,1.1334238847516647
8.38,0.4977439601082582,1.018283189250621,1.1334238851085976
8.39,0.4195503897234742,1.0529136596159874,1.1334238854563858
8.4,0.33896832115054487,1.0815498981312033,1.1334238857952637
8.41,0.2564565076776804,1.1040288788385506,1.1334238861254597
8.42,0.17248468862083793,1.1202226290164108,1.1334238864471962
8.43,0.08753091510027511,1.1300389577273064,1.1334238867606896
8.44,0.0020788284980450267,1.1334219806604335,1.1334238870661515
8.45,-0.08338509290983999,1.130352438280759,1.1334238873637876
8.46,-0.16837430347166743,1.120847805473464,1.133423887653798
8.47,-0.25240496006185326,1.1049621920595252,1.1334238879363787
8.48,-0.334998676597304,1.0827860347487992,1.1334238882117198
8.49,-0.41568524748686464,1.0544455822843217,1.1334238884800065
8.5,-0.4940053245092699,1.020102176708889,1.1334238887414199
8.51,-0.5695130318801457,0.9799513348456691,1.1334238889961357
8.52,-0.6417785046204985,0.9342216352219694,1.1334238892443258
8.53,-0.7103903357757749,0.8831734167728955,1.1334238894861572
8.540000000000001,-0.7749579185534857,0.8270972967331766,1.133423889721793
8.55,-0.8351136700456163,0.7663125161547907,1.1334238899513918
8.56,-0.8905151238761857,0.7011651224693496,1.1334238901751084
8.57,-0.9408468798605204,0.6320259994419049,1.1334238903930935
8.58,-0.9858223995768449,0.5592887557316396,1.1334238906054936
8.59,-1.0251856376280086,0.4833674840798574,1.1334238908124523
8.6,-1.0587124993065837,0.40469440388219946,1.1334238910141086
8.61,-1.086212116364857,0.3237174005659147,1.1334238912105985
8.620000000000001,-1.1075279336267605,0.2408974757804942,1.1334238914020545
8.63,-1.1225386002556679,0.1567061229177216,1.133423891588605
8.64,-1.1311586606040716,0.07162264290228997,1.1334238917703765
8.65,-1.133339040712139,-0.013868584465825062,1.1334238919474908
8.66,-1.129067327685513,-0.0992808580830026,1.1334238921200677
8.67,-1.1183678403618587,-0.18412792632878322,1.1334238922882232
8.68,-1.1013014908638572,-0.2679267552937706,1.1334238924520705
8.69,-1.077965437826819,-0.3502002786891213,1.1334238926117202
8.700000000000001,-1.0484925332750936,-0.4304801137824025,1.1334238927672795
8.71,-1.0130505662962035,-0.508309227898009,1.1334238929188534
8.72,-0.9718413078184631,-0.5832445403017674,1.1334238930665441
8.73,-0.925099361930158,-0.6548594446572106,1.133423893210451
8.74,-0.8730908302797166,-0.7227462376931948,1.1334238933506708
8.75,-0.8161117971604406,-0.7865184402564651,1.1334238934872984
8.76,-0.7544866439041954,-0.8458129975354302,1.1334238936204255
8.77,-0.6885662021802104,-0.9002923459292846,1.133423893750142
8.78,-0.6187257567122484,-0.9496463347958031,1.133423893876535
8.790000000000001,-0.5453629087846652,-0.9935939921373063,1.13342389399969
8.8,-0.4688953127004074,-1.0318851241727582,1.1334238941196897
8.81,-0.38975829807728185,-1.06430173968964,1.133423894236615
8.82,-0.3084023915187511,-1.0906592910667703,1.1334238943505448
8.83,-0.22529075176836977,-1.1108077249029387,1.1334238944615558
8.84,-0.14089653294951437,-1.124632336270127,1.1334238945697224
8.85,-0.055700190901468605,-1.1320544217280604,1.133423894675118
8.86,0.02981325205312152,-1.1330317273824793,1.1334238947778135
8.870000000000001,0.11515696833775803,-1.1275586894363392,1.1334238948778776
8.88,0.19984509662890226,-1.1156664658644815,1.1334238949753783
8.89,0.2833955078619131,-1.0974227590314511,1.133423895070381
8.9,0.36533254998925524,-1.0729314302622985,1.1334238951629496
8.91,0.44518975586508347,-1.04233190856061,1.1334238952531468
8.92,0.5225124988402304,-1.005798396839933,1.1334238953410332
8.93,0.5968605809493098,-0.9635388801875172,1.1334238954266678
8.94,0.6678107389553991,-0.9157939418063179,1.1334238955101086
8.950000000000001,0.7349590539854032,-0.8628353933761019,1.1334238955914118
8.96,0.7979232510380574,-0.8049647276309989,1.1334238956706317
8.97,0.8563448752734832,-0.7425114019629682,1.1334238957478222
8.98,0.9098913326946911,-0.6758309628226167,1.1334238958230352
8.99,0.9582577836034426,-0.6053030215951444,1.133423895896321
9.0,1.0011688780510366,-0.531329093474745,1.1334238959677292
9.01,1.0383803234041085,-0.45433031164073745,1.1334238960373082
9.02,1.0696802751012966,-0.3747450297486131,1.1334238961051044
9.03,1.0948905426832085,-0.29302632638500264,1.1334238961711638
9.040000000000001,1.1138676042297628,-0.20963942569368837,1.1334238962355307
9.05,1.1265034234297202,-0.125059048857024,1.1334238962982486
9.06,1.1327260646308321,-0.03976671151076436,1.1334238963593597
9.07,1.1325001023691297,0.04575201752189259,1.1334238964189052
9.08,1.1258268230459039,0.13101028057103775,1.133423896476925
9.09,1.112744217604232,0.21552270279818103,1.1334238965334582
9.1,1.0933267652467427,0.2988081554326296,1.1334238965885433
9.11,1.067685009425913,0.38039249483502535,1.1334238966422168
9.120000000000001,1.0359649285207817,0.45981126179456616,1.1334238966945154
9.13,0.9983471047828154,0.5366123256928275,1.133423896745474
9.14,0.9550456962821109,0.6103584584809725,1.1334238967951271
9.15,0.9063072177066415,0.680629823816713,1.1334238968435082
9.16,0.852409136955449,0.7470263671903775,1.1334238968906498
9.17,0.7936582955153694,0.809170093433111,1.1334238969365835
9.18,0.7303891616140796,0.8667072186413645,1.1334238969813404
9.19,0.662961926094255,0.9193101842667804,1.1334238970249508
9.200000000000001,0.5917604518490158,0.9666795219052692,1.1334238970674437
9.21,0.5171900884925171,1.008545558169045,1.133423897108848
9.22,0.4396753647067493,1.044669949935791,1.1334238971491915
9.23,0.35965757140200694,1.0748470412347895,1.1334238971885016
9.24,0.27759224945008176,1.0989050340452724,1.1334238972268045
9.25,0.19394659629249986,1.1167069663416425,1.133423897264126
9.26,0.10919680618796934,1.1281514918175581,1.1334238973004913
9.27,0.0238253592409957,1.133173456849919,1.1334238973359252
9.28,-0.061681725354789746,1.1317442714180967,1.133423897370451
9.290000000000001,-0.14683765622131695,1.1238720718667727,1.1334238974040922
9.3,-0.2311576410968062,1.1096016745857713,1.1334238974368716
9.31,-0.31416164675553887,1.0890143208705927,1.1334238974688111
9.32,-0.395377131834461,1.0622272144161498,1.1334238974999327
9.33,-0.4743417370086528,1.0293928540767572,1.1334238975302566
9.34,-0.5506059172005089,0.9906981656909651,1.1334238975598039
9.35,-0.623735500837477,0.9463634379137549,1.133423897588594
9.36,-0.6933141615885138,0.896641068114397,1.1334238976166466
9.370000000000001,-0.7589457885076759,0.8418141254795706,1.1334238976439803
9.38,-0.8202567410916309,0.7821947395019884,1.133423897670614
9.39,-0.8768979764130579,0.718122323028854,1.1334238976965652
9.4,-0.9285470362201783,0.6499616399863277,1.1334238977218514
9.41,-0.9749098826898708,0.5781007287804331,1.1334238977464899
9.42,-1.0157225723834362,0.5029486931964746,1.1334238977704971
9.43,-1.050752758875192,0.4249333733733628,1.1334238977938893
9.44,-1.0798010154994395,0.34449891011197703,1.1334238978166822
9.450000000000001,-1.1027019706854138,0.26210321638394724,1.133423897838891
9.46,-1.119325249416756,0.17821537043554012,1.1334238978605313
9.47,-1.1295762154557911,0.09331294532769656,1.1334238978816167
9.48,-1.133396510107126,0.007879290115133941,1.1334238979021622
9.49,-1.1307643844533926,-0.0775992218572533,1.1334238979221811
9.5,-1.1216948231717203,-0.1626359618752611,1.1334238979416873
9.51,-1.1062394592260494,-0.24674681623005934,1.1334238979606936
9.52,-1.0844862799209418,-0.329452942274963,1.133423897979213
9.53,-1.0565591259903253,-0.41028349447407503,1.133423897997258
9.540000000000001,-1.0226169865728538,-0.48877830492341945,1.1334238980148406
9.55,-0.9828530940875868,-0.5644905030843732,1.1334238980319726
9.56,-0.9374938241628551,-0.6369890598152673,1.133423898048666
9.57,-0.8867974068810129,-0.7058612412179996,1.1334238980649314
9.58,-0.8310524566759521,-0.7707149583299233,1.13342389808078
9.59,-0.7705763292526643,-0.8311809992842272,1.1334238980962228
9.6,-0.7057133148829002,-0.8869151312311314,1.13342389811127
9.61,-0.6368326783624828,-0.9376000600536717,1.1334238981259317
9.620000000000001,-0.5643265567887881,-0.9829472367214209,1.1334238981402176
9.63,-0.4886077271263344,-1.0226984999985864,1.1334238981541378
9.64,-0.41010725626971806,-1.0566275461545525,1.133423898167701
9.65,-0.32927204698207424,-1.0845412173098172,1.1334238981809168
9.66,-0.24656229368002225,-1.1062806010827735,1.133423898193794
9.67,-0.16244886254929825,-1.1217219352770536,1.1334238982063416
9.68,-0.07741061090606309,-1.130777312459055,1.1334238982185674
9.69,0.008068338935252758,-1.133395180414494,1.1334238982304798
9.700000000000001,0.09350135576771164,-1.1295606356348868,1.1334238982420874
9.71,0.17840206988074275,-1.1192955081631457,1.1334238982533975
9.72,0.2622871419603188,-1.1026582373152602,1.1334238982644178
9.73,0.3446790147371013,-1.0797435389855832,1.1334238982751557
9.74,0.425108631717436,-1.0506818664297475,1.1334238982856186
9.75,0.503118107519478,-1.0156386675949758,1.1334238982958136
9.76,0.5782633346122361,-0.9748134432257969,1.1334238983057472
9.77,0.650116511617386,-0.9284386111073684,1.1334238983154263
9.78,0.7182685787802429,-0.8767781829122615,1.1334238983248577
9.790000000000001,0.7823315467447701,-0.820126261183413,1.133423898334047
9.8,0.8419407053749209,-0.7588053650099124,1.1334238983430012
9.81,0.896756700047504,-0.6931645939275421,1.133423898351726
9.82,0.9464674635962489,-0.6235776404969774,1.133423898360227
9.83,0.9907899929085255,-0.5504406628740245,1.1334238983685105
9.84,1.0294719600605593,-0.47417002948334663,1.1334238983765816
9.85,1.0622931488189602,-0.3951999486352361,1.133423898384446
9.86,1.089066708330569,-0.31397999658001247,1.1334238983921088
9.870000000000001,1.1096402168633708,-0.23097255807281974,1.1334238983995752
9.88,1.1238965495426056,-0.1466501940196741,1.1334238984068505
9.89,1.1317545451420576,-0.06149295119073832,1.1334238984139395
9.9,1.1331694681344846,0.024014370683388367,1.1334238984208467
9.91,1.1281332633707377,0.10938497887395886,1.133423898427577
9.92,1.116674601937682,0.19413285896249477,1.133423898434135
9.93,1.0988587179338525,0.2777755417182868,1.1334238984405252
9.94,1.0747870370920773,0.3598368497931598,1.1334238984467513
9.950000000000001,1.0445965993633213,0.4398496085965843,1.1334238984528178
9.96,1.0084592787489732,0.5173583059181365,1.133423898458729
9.97,0.9665808048230703,0.5919216851560902,1.1334238984644889
9.98,0.919199591514927,0.6631152573889046,1.133423898470101
9.99,0.8665853798199037,0.7305337179883974,1.1334238984755696
