time,x,y,radius,phase
0.0,-0.04820966910616356,-0.023154651318108274,0.053481866767989265,-2.6938365148210157
0.01,-0.047235537201655554,-0.026414638382383705,0.054119581443328665,-2.6317050701369262
0.02,-0.046046828400493,-0.02964590743340023,0.05476486312677303,-2.569573583348295
0.03,-0.04464320835248233,-0.03283468492705589,0.05541780026545784,-2.507442053447463
0.04,-0.043025205284892405,-0.0359670388874748,0.05607848229169775,-2.4453104794027753
0.05,-0.04119422857992537,-0.039028931563130156,0.05674699963218,-2.383178860158016
0.06,-0.03915258422660288,-0.04200627377807352,0.05742344371717617,-2.321047194631827
0.07,-0.03690348700912345,-0.04488498079869336,0.05810790698976874,-2.2589154817171204
0.08,-0.03445106930365354,-0.04765102952594635,0.05880048291508965,-2.196783720280467
0.09,-0.03180038636618035,-0.050290516813042474,0.05950126598956745,-2.1346519091614833
0.1,-0.02895741800545339,-0.052789718699172754,0.06021035175017952,-2.0725200471721914
0.11,-0.025929066547146565,-0.05513515034109855,0.060927836783705815,-2.0103881330963747
0.12,-0.022723151008150567,-0.05731362641632363,0.061653818735980366,-1.9482561656889141
0.13,-0.01934839741332145,-0.059312321764194785,0.062388396321136505,-1.8861241436751082
0.14,-0.015814425201026237,-0.06111883202467041,0.06313166933084163,-1.8239920657499802
0.15,-0.012131729678398463,-0.06272123402870439,0.0638837386435174,-1.7618599305775682
0.16,-0.008311660502299461,-0.064108145689259,0.06464470623354043,-1.699727736790199
0.17,-0.004366396177526831,-0.0652687851379252,0.06541467518041931,-1.6375954829877464
0.18,-0.00030891457976765097,-0.06619302884902989,0.06619374967794237,-1.57546316773687
0.19,0.0038470404728938937,-0.06687146849098408,0.06698203504329171,-1.5133307895702406
0.2,0.008086996559494294,-0.06729546624350308,0.06777963772611753,-1.4511983469857448
0.21,0.012395793849464876,-0.06745720831924185,0.06858666531756755,-1.3890658384456729
0.22,0.016757630075368707,-0.06734975642935791,0.06940322655926551,-1.3269332623758885
0.23,0.02115610919367096,-0.06696709693456517,0.07022943135223278,-1.2648006171649793
0.24,0.025574293624933544,-0.06630418742639053,0.07106539076574646,-1.202667901163388
0.25,0.029994759947669335,-0.0653570004876065,0.07191121704612782,-1.1405351126825252
0.26,0.03439965790303029,-0.06412256438619592,0.07276702362545383,-1.0784022499938601
0.27,0.038770772550608804,-0.06259900046371622,0.0736329251301847,-1.0162693113279935
0.28,0.04308958939897515,-0.06078555698656927,0.07450903738970012,-0.9541362948737075
0.29,0.04733736231822954,-0.05868263923744753,0.07539547744473639,-0.8920031987769962
0.3,0.051495184025888534,-0.056291835634108146,0.0762923635557162,-0.8298700211400728
0.31,0.055544058921926834,-0.053615939673611564,0.077199815210963,-0.7677367600203562
0.32,0.059464978033830974,-0.05065896751223233,0.07811795313479104,-0.7056034134294337
0.33,0.06323899581816415,-0.047426171004384746,0.0790468992954621,-0.6434699793320022
0.34,0.0668473085514655,-0.04392404603807692,0.07998677691299941,-0.5813364556447846
0.35000000000000003,0.07027133403038367,-0.04016033601958214,0.08093771046684917,-0.5192028402354232
0.36,0.07349279228884471,-0.036144030376158445,0.08189982570337948,-0.4570691309213476
0.37,0.07649378702884764,-0.031885357962714446,0.08287324964320596,-0.3949353254686198
0.38,0.07925688745123392,-0.027395775276264776,0.08385811058833345,-0.3328014215907516
0.39,0.0817652101635555,-0.02268794940079099,0.08485453812910215,-0.2706674169474975
0.4,0.0840025008340315,-0.01777573562466675,0.08586266315092672,-0.20853330914362114
0.41000000000000003,0.08595321525359692,-0.012674149693059841,0.08688261784081586,-0.14639909572763443
0.42,0.08760259946226226,-0.007399334678622569,0.08791453569366,-0.08426477419050983
0.43,0.08893676859147606,-0.001968522475257628,0.0889585515182737,-0.02213034196436434
0.44,0.08994278407096007,0.003600010058274576,0.09001480144317947,0.04000420357888466
0.45,0.09060872884661496,0.00928699025573592,0.09108342292211864,0.10213886512889267
0.46,0.09092378025561414,0.015072204029855474,0.09216455473927489,0.16427364543829068
0.47000000000000003,0.09087828020574917,0.02093455539290386,0.09325833701419527,0.22640854732411786
0.48,0.09046380230849517,0.026852130993273594,0.09436491120639293,0.2885435736692849
0.49,0.08967321561915255,0.03280226952666897,0.09548442011961564,0.3506787274240683
0.5,0.08850074464281492,0.03876163585724347,0.09661700790576304,0.41281401160763637
0.51,0.08694202527182529,0.04470629966085944,0.09776282006843537,0.47494942930960754
0.52,0.08499415632882405,0.05061181837967978,0.09892200346609582,0.5370849836916417
0.53,0.08265574639946566,0.05645332425463404,0.10009470631482782,0.5992206779890642
0.54,0.07992695565038284,0.062205615180029705,0.101281078190668,0.6613565155125246
0.55,0.07680953234099958,0.06784324910280441,0.10248127003149517,0.7234924996496895
0.56,0.07330684375232013,0.07334064166773756,0.10369543413845453,0.7856286338669706
0.5700000000000001,0.06942390127182989,0.07867216678945987,0.10492372417689612,0.8477649217112881
0.58,0.06516737939110567,0.08381225981241824,0.10616629517680554,0.9099013668118715
0.59,0.06054562839161359,0.08873552290117025,0.10742330353270409,0.9720379728820958
0.6,0.0555686805144289,0.0934168322855958,0.10869490700299533,1.0341747437213555
0.61,0.05024824943119713,0.09783144696892057,0.10998126470873355,1.0963116832169781
0.62,0.044597722856513436,0.10195511849094051,0.11128253713178946,1.158448795346174
0.63,0.03863214816596579,0.10576420132461284,0.11259888611238732,1.220586084178027
0.64,0.03236821090930002,0.10923576347132445,0.11393047484598698,1.2827235538755242
0.65,0.025824206134446,0.1123476968087507,0.11527746787948343,1.344861208697627
0.66,0.019020002465413688,0.11507882673535826,0.11664003110669573,1.4069990530013814
0.67,0.011976998905239605,0.1174090206473628,0.11801833176311627,1.4691370912440718
0.68,0.0047180743641452045,0.11931929477740014,0.11941253841989004,1.531275327985415
0.6900000000000001,-0.0027324700572384725,0.12079191891937531,0.1208228209769936,1.5934137678897993
0.7000000000000001,-0.010348975969424485,0.12181051856098302,0.12224935065558144,1.6555524157285637
0.71,-0.018104499689445414,0.12236017394429952,0.12369229998946726,1.717691276382324
0.72,-0.025970891207905786,0.12242751557568397,0.12515184281570615,1.7798303548433416
0.73,-0.03391887997410895,0.12200081570903949,0.12662815426424343,1.841969656217937
0.74,-0.041918167314050084,0.1210700753313085,0.12812141074659383,1.9041091857289498
0.75,-0.049937525264437975,0.11962710618594444,0.12963178994351504,1.9662489487182435
0.76,-0.057944901574384824,0.11766560737903456,0.13115947079163692,2.028388950649258
0.77,-0.06590753059511605,0.11518123612376151,0.1327046334690084,2.0905291971096074
0.78,-0.07379204974713488,0.11217167219199278,0.13426745937952173,2.1526696938137277
0.79,-0.08156462122386454,0.10863667565697335,0.13584813113617325,2.21481044660557
0.8,-0.0891910585610204,0.10457813752836043,0.13744683254311843,2.276951461461341
0.81,-0.09663695767197403,0.10000012290015986,0.13906374857647832,2.339092744492298
0.8200000000000001,-0.10386783192129674,0.09490890625347516,0.14069906536385268,2.401234301947586
0.8300000000000001,-0.11084925078165175,0.0893129985793253,0.14235297016249462,2.4633761402171293
0.84,-0.11754698159337586,0.08322316601208132,0.14402565133610015,2.525518265834569
0.85,-0.1239271339215908,0.07665243969126023,0.14571729833016459,2.5876606854802553
0.86,-0.12995630598264357,0.06961611659843356,0.14742810164585712,2.6498034059842857
0.87,-0.13560173259022482,0.062131751146785326,0.14915825281236336,2.711946434329598
0.88,-0.14083143405178336,0.0542191373333083,0.15090794435764457,2.77408977765511
0.89,-0.14561436542796555,0.04590028129766749,0.15267736977756097,2.8362334432589145
0.9,-0.14992056555188196,0.037199364167287724,0.15446672350330548,2.8983774386015226
0.91,-0.1537213051911537,0.028142695105128516,0.15627620086709315,2.9605217713091605
0.92,-0.15698923372402618,0.018758654514779774,0.15810599806604994,3.022666449177116
0.93,-0.1596985236914638,0.009077627396820746,0.1599563121242439,3.084811480173138
0.9400000000000001,-0.16182501258014856,-0.0008680731092994311,0.16182734085280004,-3.1362284347387006
0.9500000000000001,-0.16334634118678998,-0.011044291922417921,0.1637192828080394,-3.0740826728761537
0.96,-0.16424208791219447,-0.021415127838505514,0.16563233724758142,-3.0119365329127694
0.97,-0.1644938983342106,-0.031943038811388165,0.16756670408434804,-2.949790006155938
0.98,-0.16408560941202865,-0.04258895649264692,0.16952258383840602,-2.8876430837228266
0.99,-0.16300336768042187,-0.05331240978487916,0.1715001775865835,-2.82549575653667
1.0,-0.1612357408014196,-0.0640716571193114,0.17349968690979584,-2.763348015323018
1.01,-0.15877382185263142,-0.07482382712566513,0.17552131383801386,-2.7011998506059287
1.02,-0.15561132574602293,-0.08552506731937154,0.17756526079280793,-2.6390512527041152
1.03,-0.15174467718839102,-0.0961307003888923,0.1796317305273987,-2.5769022117270417
1.04,-0.14717308961509845,-0.10659538762421694,0.18172092606414614,-2.514752717570974
1.05,-0.14189863455179874,-0.11687329898676117,0.18383305062940614,-2.452602759914979
1.06,-0.13592630088488733,-0.1269182892810751,0.18596830758568403,-2.3904523282168872
1.07,-0.12926404355022206,-0.13668407985017422,0.18812690036101298,-2.3283014117091962
1.08,-0.12192282118121757,-0.14612444517912215,0.19030903237548508,-2.266149999394943
1.09,-0.1139166222916771,-0.15519340375590973,0.19251490696486193,-2.2039980800435277
1.1,-0.10526247960560788,-0.1638454125048795,0.19474472730119072,-2.141845642186493
1.11,-0.09598047218569143,-0.17203556407612378,0.1969986963103522,-2.07969267411327
1.12,-0.0860937150539489,-0.17971978624461982,0.19927701658646535,-2.017539163866882
1.1300000000000001,-0.0756283360423461,-0.18685504264553676,0.2015798903030741,-1.9553850992396093
1.1400000000000001,-0.06461343965750148,-0.1933995340473296,0.20390751912104121,-1.8932304677686234
1.1500000000000001,-0.053081057792158215,-0.19931289934209265,0.2062601040930737,-1.8310752567315844
1.16,-0.04106608716651394,-0.20455641541334194,0.20863784556480502,-1.7689194531422099
1.17,-0.02860621343470919,-0.20909319502508567,0.21104094307235893,-1.7067630437458128
1.18,-0.015741821945590095,-0.2128883818628712,0.2134695952363201,-1.6446060150148147
1.19,-0.00251589520210101,-0.2159093418476033,0.21592399965203768,-1.582448353144234
1.2,0.011026102879863053,-0.21812584983643798,0.21840435277618808,-1.5202900440471525
1.21,0.02483635575480698,-0.21951027082208852,0.2209108498095238,-1.4581310733501667
1.22,0.03886483585652353,-0.2200377347425366,0.22344368457573693,-1.3959714263888197
1.23,0.05305945875692396,-0.21968630401752134,0.22600304939636662,-1.333811088203024
1.24,0.06736624953991542,-0.21843713293635608,0.22858913496168065,-1.2716500435324756
1.25,0.08172952099599387,-0.21627461803367165,0.23120213019746416,-1.2094882768120623
1.26,0.09609206318389416,-0.213186538605652,0.23384222212764882,-1.1473257721672712
1.27,0.11039534384667216,-0.20916418653925756,0.2365095957327193,-1.085162513409601
1.28,0.12457971911124135,-0.20420248465084187,0.2392044338038346,-1.02299848403198
1.29,0.13858465384290974,-0.19830009275846955,0.2419269167926065,-0.9608336672041957
1.3,0.15234895097012513,-0.1914595007441252,0.2446772226564771,-0.8986680457683439
1.31,0.1658109890397052,-0.18368710789784148,0.24745552669964455,-0.8365016022342965
1.32,0.17890896720957086,-0.17499328787552423,0.2502620014094857,-0.7743343187751979
1.33,0.19158115683468652,-0.16539243864585473,0.25309681628843056,-0.7121661772229938
1.34,0.2037661587528065,-0.15490301684902472,0.2559601376812475,-0.649997159063998
1.35,0.21540316533000115,-0.1435475560411132,0.25885212859770024,-0.5878272454345039
1.36,0.22643222628205165,-0.13135266835253012,0.2617729485305462,-0.5256564171164456
1.37,0.23679451724691972,-0.11834902914700035,0.26472275326884787,-0.4634846545331175
1.3800000000000001,0.24643261004587347,-0.10457134432888848,0.2677016947065754,-0.4013119377449572
1.3900000000000001,0.2552907435367301,-0.09005830001110576,0.27070992064648614,-0.33913824644539947
1.4000000000000001,0.2633150939323033,-0.07485249432320551,0.27374757459927057,-0.2769635599568092
1.41,0.27045404343074936,-0.05900035120936031,0.2768147955779631,-0.2147878572265005
1.42,0.276658445982314,-0.042552016138500764,0.27991171788762287,-0.15261111682285014
1.43,0.28188188899920325,-0.025561233723743148,0.2830384709102969,-0.09043331693151384
1.44,0.28608094980213566,-0.008085207325087211,0.2861951788852875,-0.02825443535175378
1.45,0.28921544558876355,0.009815559212046413,0.2893819606847535,0.033925550507113454
1.46,0.29124867570575097,0.02807743744983263,0.29259892958468414,0.09610666362913942
1.47,0.29214765500801826,0.04663386756882172,0.29584619303129533,0.15828892739502706
1.48,0.29188333709564446,0.06541556850067612,0.2991238524029073,0.2204723655852651
1.49,0.2904308262312814,0.08435076450453766,0.3024320027673737,0.2826570023831029
1.5,0.2877695767587741,0.10336542762601494,0.30577073263514437,0.3448428623773554
1.51,0.28388357886708104,0.12238353539528443,0.3091401237080542,0.4070299705650279
1.52,0.27876152957260486,0.14132734303884997,0.3125402506239461,0.469218352353748
1.53,0.2723969878277127,0.16011766939847655,0.3159711806972448,0.5314080335639954
1.54,0.2647885127035595,0.17867419567107853,0.3194329736556168,0.5935990404311153
1.55,0.2559397836413144,0.19691577600528673,0.3229256813728619,0.6557913996071062
1.56,0.24585970181749642,0.21476075891442864,0.32644934759819877,0.7179851381621661
1.57,0.2345624717262841,0.23212731839212358,0.3300040076821222,0.7801802835859886
1.58,0.22206766214429344,0.24893379354601114,0.33358968829902425,0.8423768637887915
1.59,0.20840024571129745,0.26509903549769065,0.33720640716679007,0.90457490710207
1.6,0.19359061643355538,0.2805427602331418,0.3408541727635941,0.966774442279055
1.61,0.17767458449465373,0.29518590602810735,0.3445329840421414,1.0289754984948676
1.62,0.16069334784184455,0.3089509940175346,0.3482428301416165,1.091178105346354
1.6300000000000001,0.14269344010357105,0.32176249042756033,0.3519836900976198,1.1533822928515869
1.6400000000000001,0.12372665448594684,0.3335471689430576,0.3557555325503926,1.2155880914490176
1.6500000000000001,0.10384994339212338,0.3442344716437912,0.3595583154516487,1.2777955319962677
1.6600000000000001,0.08312529360843302,0.35375686690809566,0.3633919857703528,1.3400046457685426
1.67,0.06161957700460162,0.3620502026550209,0.36725647919780496,1.4022154644566525
1.68,0.03940437680182214,0.36905405327439783,0.3711517198524103,1.4644280201646283
1.69,0.016555789571685776,0.37471205857954737,0.3750776199845361,1.5266423454069145
1.7,-0.006845796759531279,0.37897225310966376,0.3790340796818775,1.5888584731051256
1.71,-0.030715948513364025,0.38178738410849145,0.38302098657577555,1.6510764365843515
1.72,-0.05496645496580867,0.3831152165130078,0.3870382155489521,1.7132962695689953
1.73,-0.07950561953980388,0.3829188233006169,0.39108562844514894,1.775518006178129
1.74,-0.10423857274910207,0.3811668595660154,0.39516307378117754,1.8377416809203548
1.75,-0.129067606043063,0.3778338187295522,0.39927038646191054,1.8999673286881527
1.76,-0.15389252558650388,0.3729002693176635,0.403407387498765,1.9621949847517035
1.77,-0.17861102489452052,0.36635307080290436,0.40757388373224906,2.0244246847521725
1.78,-0.2031190751297181,0.358185567046237,0.4117696675591664,2.0866564646944368
1.79,-0.22731133175913112,0.34839775594758343,0.4159945166650898,2.148890360939248
1.8,-0.251081556160856,0.3369964339821526,0.4202481937627388,2.2111264101948094
1.81,-0.2743230506666561,0.3239953143796335,0.4245304463369127,2.273364649507764
1.82,-0.29692910542712136,0.30941511779087744,0.42884100639665174,2.335605116253571
1.83,-0.3187934553909694,0.2932836343820094,0.4331795902353136,2.3978478481262675
1.84,-0.3398107456003546,0.27563575639880167,0.43754589819927286,2.4600928831275986
1.85,-0.3598770029201952,0.2565134803543544,0.4419396144659652,2.5223402595555067
1.86,-0.378890112242116,0.23596587811036387,0.44636040683201095,2.5845900159919717
1.87,-0.39675029513320675,0.2140490362461751,0.4508079265121711,2.6468421912901894
1.8800000000000001,-0.4133605888369652,0.19082596324002055,0.45528180794989415,2.709096824561082
1.8900000000000001,-0.42862732347907173,0.16636646412291334,0.45978166864022907,2.7713539551591357
1.9000000000000001,-0.44246059528453985,0.14074698240710995,0.46430710896588334,2.8336136226675537
1.9100000000000001,-0.4547747335757977,0.11405040923736666,0.4688577120472144,2.8958758668827214
1.92,-0.4654887592938417,0.08636585986382052,0.4734330436069468,2.9581407277979808
1.93,-0.4745268327671962,0.05778841768962603,0.47803265185041205,3.0204082455867107
1.94,-0.48181868844640263,0.02841884630382686,0.4826560673621043,3.0826784605847086
1.95,-0.48730005432551365,-0.0016367299303445514,0.487302803019348,-3.1382338939077123
1.96,-0.49091305378688355,-0.03226717600018772,0.491972353923867,-3.075958162926387
1.97,-0.4926065876317015,-0.06335672618747228,0.49666419735203743,-3.013679612940526
1.98,-0.49233669409642355,-0.09478539277543199,0.5013777927245964,-2.9513982031547656
1.99,-0.4900668847046861,-0.12642940230099903,0.5061125815965692,-2.889113892709837
2.0,-0.4857684538655405,-0.15816165797435222,0.5108679876681584,-2.8268266407043305
2.0100000000000002,-0.47942076020198254,-0.1898522267301428,0.51564341681732,-2.764536406217123
2.02,-0.4710114776787533,-0.22136884922032923,0.5204382571547326,-2.7022431483304725
2.0300000000000002,-0.46053681469518404,-0.2525774709082871,0.525251879101839,-2.6399468261537544
2.04,-0.4480016994173061,-0.28334279227865833,0.5300836354926091,-2.5776473988478377
2.05,-0.43341992974333976,-0.31352883603816917,0.5349328616996443,-2.515344825650071
2.06,-0.41681428642773566,-0.3429995290502766,0.5397988757852076,-2.4530390658998753
2.07,-0.3982166080308198,-0.3716192966218934,0.5446809786777232,-2.3907300790649146
2.08,-0.3776678265133686,-0.39925366664447387,0.5495784543742491,-2.328417824767824
2.09,-0.3552179624576224,-0.42576988098527907,0.5544905701693794,-2.2661022628134755
2.1,-0.33092607906777183,-0.45103751142852405,0.559416576910986,-2.2037833532167492
2.11,-0.3048601942831843,-0.47492907738114803,0.5643557092831518,-2.1414610562307916
2.12,-0.2770971505258752,-0.49732066248492074,0.569307186116599,-2.07913533237572
2.13,-0.24772244179919653,-0.5180925272162347,0.5742702107268504,-2.0168061424677486
2.14,-0.21682999805657174,-0.5371297145079226,0.5792439712803019,-1.954473447648706
2.15,-0.1845219269664496,-0.5543226453944108,0.5842276411883209,-1.892137209415895
2.16,-0.1509082134115127,-0.5695677016630508,0.5892203795294123,-1.829797389652271
2.17,-0.11610637727553856,-0.5827677924910605,0.5942213314994282,-1.7674539506568918
2.18,-0.08024109028909605,-0.5938329020596007,0.5992296288897189,-1.705106855175599
2.19,-0.043443752924344964,-0.6026806151644624,0.6042443905930499,-1.6427560664318899
2.2,-0.005852032548425284,-0.6092366178869235,0.6092647231370327,-1.5804015481579297
2.21,0.0323906357369277,-0.6134351704487493,0.6142897212447304,-1.518043264625664
2.22,0.07113558392605875,-0.6152195494521494,0.6193184684220284,-1.4556811806779786
2.23,0.110229479754587,-0.6145424567987782,0.6243500375712691,-1.3933152617598565
2.24,0.14951492709589181,-0.6113663926914805,0.6293834916305665,-1.330945473949488
2.25,0.18883109584432117,-0.6056639902482498,0.6344178842381409,-1.2685717839892705
2.2600000000000002,0.22801437882660774,-0.5974183093994817,0.6394522604209157,-1.206194159316655
2.27,0.26689907309770183,-0.5866230878966823,0.6444856573065463,-1.143812568094778
2.2800000000000002,0.3053180828018814,-0.5732829474328096,0.6495171048579599,-1.0814269792428282
2.29,0.34310364061580884,-0.5574135530607928,0.6545456266294042,-1.019037362466086
2.3000000000000003,0.3800880446383684,-0.5390417242967633,0.6595702405429207,-0.9566436882855877
2.31,0.4161044074537909,-0.5182054965073366,0.664589959684079,-0.894245928067348
2.32,0.45098741397085296,-0.4949541314049775,0.6696037931157299,-0.8318440540510926
2.33,0.48457408453286566,-0.4693480757110651,0.674610746708459,-0.7694380393784355
2.34,0.5167045397017065,-0.44145886729162603,0.6796098239863502,-0.7070278581204507
2.35,0.5472227630451931,-0.41136898832464314,0.6846000269866018,-0.6446134853045764
2.36,0.5759773582014395,-0.3791716653190901,0.6895803571314669,-0.5821948969407995
2.37,0.6028222964571902,-0.34497061607303814,0.6945498161109338,-0.5197720700470612
2.38,0.6276176510600879,-0.3088797439299129,0.6995074067745036,-0.45734498267383084
2.39,0.650230314487894,-0.27102277996676255,0.7044521340303667,-0.39491361392779567
2.4,0.6705346949212286,-0.231532874024705,0.70938300575024,-0.33247794399461045
2.41,0.6884133882106743,-0.1905521357679747,0.7142990336780788,-0.2700379541606595
2.42,0.7037578216942361,-0.14823112723258455,0.7191992343408459,-0.2075936268337801
2.43,0.7164688663071663,-0.10472830859692814,0.7240826299594885,-0.1451449455629003
2.44,0.7264574135329168,-0.06020943917303123,0.7289482493582561,-0.08269189505654553
2.45,0.7336449138712048,-0.014846935876984789,0.7337951288704653,-0.020234461200171073
2.46,0.7379638736464841,0.0311808083112751,0.738622313238822,0.042227368927720894
2.47,0.7393583071469515,0.07769014314683112,0.7434288565083959,0.10469360704071766
2.48,0.7377841412699347,0.12449291419479806,0.7482138229103552,0.16716426363092174
2.49,0.7332095700533009,0.17139724698138376,0.7529762877345765,0.22963934795669858
2.5,0.7256153566934658,0.21820835881762904,0.7577153381892626,0.29211886803177667
2.5100000000000002,0.7149950808876351,0.26472939470492357,0.7624300742457311,0.354602830615726
2.52,0.70135532958989,0.31076228356090535,0.7671196094665628,0.4170912412058398
2.5300000000000002,0.6847158295363812,0.3561086108521285,0.7717830718153433,0.4795841040304381
2.54,0.665109520172826,0.40057050358704954,0.7764196044462744,0.5420814220436126
2.5500000000000003,0.6425825659062442,0.44395152351044453,0.7810283664719851,0.6045831969214236
2.56,0.617194306900859,0.4860575642492292,0.7856085337079309,0.6670894290595609
2.57,0.5890171479436933,0.5266977480905688,0.7901592993918372,0.7296001175724752
2.58,0.55813638521691,0.5656853180267822,0.7946798748767082,0.7921152602939812
2.59,0.5246499711296205,0.6028385206783552,0.7991694902960068,0.8546348537793332
2.6,0.4886682176799274,0.6379814757067406,0.8036273951996828,0.9171588933087699
2.61,0.4503134391365447,0.6709450273527503,0.8080528591598234,0.9796873728925163
2.62,0.4097195351466123,0.7015675737842958,0.8124451723447801,1.0422202852772373
2.63,0.3670315156904424,0.7296958700089222,0.8168036460607294,1.1047576219539217
2.64,0.3224049696130661,0.7551858002017754,0.8211276132597161,1.1672993731671848
2.65,0.27600547876476994,0.7779031154179474,0.8254164290133305,1.2298455279259612
2.66,0.22800798007654072,0.7977241327990435,0.829669470951276,1.2923960740155687
2.67,0.17859607817973466,0.8145363925466177,0.8338861396641868,1.3549509980111099
2.68,0.12796131145067233,0.8282392691190308,0.8380658590701582,1.4175102852921857
2.69,0.07630237461862496,0.8387445333123457,0.8422080767445688,1.4800739200588806
2.7,0.023824301318265732,0.8459768621090137,0.8463122642128712,1.542641885348988
2.71,-0.029262389806323667,0.8498742934191378,0.850377917206142,1.6052141630564318
2.72,-0.08274258163092063,0.8503886230967177,0.8544045558792865,1.6677907339508444
2.73,-0.13639747370961766,0.8474857418860844,0.8583917249919018,1.7303715776982567
2.74,-0.19000552188974698,0.8411459102402196,0.8623389940519,1.7929566728828517
2.75,-0.24334339806319313,0.8313639692512541,0.8662459574221064,1.8555459970297337
2.7600000000000002,-0.29618696560878577,0.8181494862424941,0.8701122343901372,1.918139526628664
2.77,-0.34831226597810094,0.8015268338891285,0.8739374692019618,1.9807372371587093
2.7800000000000002,-0.39949651179808754,0.7815352020595678,0.877721331059653,2.0433391031137487
2.79,-0.4495190818089218,0.7582285418993551,0.8814635140839115,2.1059450980287875
2.8000000000000003,-0.49816251292468805,0.7316754420129591,0.8851637372420421,2.1685551945070185
2.81,-0.5452134846980429,0.7019589369336754,0.8888217442421391,2.231169364247576
2.82,-0.5904637914879663,0.6691762484064834,0.8924373033943169,2.293787578073926
2.83,-0.6337112976719108,0.633438460341226,0.896010207439893,2.3564098059628313
2.84,-0.6747608713098624,0.5948701286220792,0.8995402733495004,2.41903601707384
2.85,-0.7134252917576309,0.5536088272822042,0.9030273420911673,2.4816661797792277
2.86,-0.7495261268395494,0.5098046328679915,0.9064712783694605,2.5443002616943535
2.87,-0.7828945753260297,0.46361954912375763,0.9098719703368384,2.606938229708351
2.88,-0.813372270618306,0.41522687442351136,0.9132293292784115,2.6695800500151137
2.89,-0.8408120417203038,0.3648105146599575,0.916543289271341,2.73222568814451
2.9,-0.8650786277748844,0.31256424457077775,0.919813806820151,2.7948751089937747
2.91,-0.8860493426576357,0.2586909207370598,0.9230408604692514,2.8575282768590182
2.92,-0.9036146863546927,0.2034016497272691,0.9262244503939984,2.9201851554668083
2.93,-0.9176789001005022,0.1469149150811924,0.9293645979716365,2.982845708005758
2.94,-0.9281604625156191,0.08945566703076882,0.9324613453334823,3.045509897158086
2.95,-0.9349925242621135,0.03125437903770609,0.9355147548997137,3.1081776851310794
2.96,-0.9381232790234943,-0.027453924609586206,0.93852490889814,-3.112336273491156
2.97,-0.9375162689156632,-0.08643066575564926,0.9414919088683189,-3.0496614029982023
2.98,-0.9331506227437489,-0.1454347293902265,0.9444158751523901,-2.986983049599923
2.99,-0.9250212258351131,-0.20422349611139556,0.9472969463739744,-2.924301252677466
3.0,-0.9131388204997513,-0.262553885362653,0.950135278906484,-2.861616051932507
3.0100000000000002,-0.8975300364940942,-0.320183404714579,0.9529310463321625,-2.7989274873572607
3.02,-0.8782373511912162,-0.3768712004321494,0.9556844388931593,-2.736235599204879
3.0300000000000002,-0.8553189794880306,-0.43237910456209205,0.95839566293591,-2.67354042796027
3.04,-0.828848693806612,-0.4864726737907896,0.9610649403500717,-2.6108420143113804
3.0500000000000003,-0.7989155748707055,-0.538922215361885,0.9636925080032281,-2.548140399120961
3.06,-0.7656236942582348,-0.589503795403611,0.9662786171725469,-2.4854356233988497
3.0700000000000003,-0.7290917300446639,-0.6380002250984975,0.9688235329745322,-2.4227277282748036
3.08,-0.6894525171589363,-0.6842020202319642,0.9713275337939795,-2.3600167549718947
3.09,-0.64685253437199,-0.7279083297807315,0.9737909107131986,-2.2973027447805014
3.1,-0.601451330126154,-0.7689278293462556,0.9762139669425265,-2.2345857390329136
3.11,-0.553420889690792,-0.8070795754016703,0.9785970172531122,-2.171865779078567
3.12,-0.5029449463941218,-0.8421938165021127,0.980940387412905,-2.1091429062599296
3.13,-0.450218239932072,-0.8741127578068257,0.9832444136267376,-2.046417161889051
3.14,-0.39544572499124714,-0.9026912754760241,0.9855094419813462,-1.9836885872247851
3.15,-0.33884173364357995,-0.9277975777350632,0.9877358278961219,-1.9209572234507069
3.16,-0.2806290951741383,-0.949313809641797,0.9899239355803443,-1.8582231116537204
3.17,-0.22103821719000855,-0.9671365988489221,0.9920741374975957,-1.7954862928033746
3.18,-0.16030613202646837,-0.9811775399203201,0.9941868138380124,-1.7327468077318882
3.19,-0.09867551261615129,-0.9913636150376309,0.9962623519989804,-1.6700046971148892
3.2,-0.03639366211705053,-0.9976375492191719,0.9983011460748333,-1.607260001452872
3.21,0.0262885182944394,-0.999958098466519,1.0003035963560731,-1.544512761053371
3.22,0.08911757896904256,-0.9983002695532003,1.0022701088385784,-1.481763016013853
3.23,0.15183858410248954,-0.9926554704736463,1.0042010947432316,-1.419010806205325
3.24,0.21419618221036335,-0.9830315908773923,1.0060969700463431,-1.3562561712566539
3.25,0.27593568011592534,-0.9694530121221641,1.0079581550212167,-1.293499150539595
3.2600000000000002,0.3368041157990069,-0.9519605468885047,1.0097850737911567,-1.2307397831545235
3.27,0.39655132546663635,-0.9306113086066595,1.0115781538941742,-1.1679781079168599
3.2800000000000002,0.4549310002389815,-0.9054785112521757,1.0133378258596177,-1.1052141633441868
3.29,0.5117017278971351,-0.8766512003687729,1.0150645227969126,-1.0424479876440422
3.3000000000000003,0.5666280152118979,-0.8442339164742043,1.0167586799965607,-0.9796796187023847
3.31,0.619481286464559,-0.808346292295798,1.018420734543513,-0.9169090940727181
3.3200000000000003,0.6700408538812246,-0.7691225855659206,1.0200511249430038,-0.8541364509658635
3.33,0.7180948558308915,-0.7267111493825769,1.0216502907588951,-0.7913617262403694
3.34,0.763441158783541,-0.6812738424056008,1.023218672264559,-0.7285849563935455
3.35,0.80588821918729,-0.6329853814133531,1.0247567101062913,-0.6658061775531076
3.36,0.8452559016022932,-0.582032638987478,1.0262648449792253,-0.6030254254694203
3.37,0.8813762496227688,-0.5286138893231438,1.027743517315696,-0.5402427355083236
3.38,0.9140942063263121,-0.4729380053783813,1.0291931669859709,-0.47745814264452924
3.39,0.9432682812105981,-0.41522361077782605,1.0306142330112522,-0.41467168145557065
3.4,0.9687711608106447,-0.3556981900725828,1.0320071532888304,-0.35188338611629383
3.41,0.9904902604339533,-0.294597161128379,1.0333723643292483,-0.28909329039387216
3.42,1.0083282147049826,-0.2321629135680253,1.0347103010053258,-0.22630142764333058
3.43,1.0222033048734116,-0.16864381733090994,1.0360213963128686,-0.1635078308035631
3.44,1.0320498211113651,-0.10429320553134286,1.0373060811428823,-0.10071253239382857
3.45,1.0378183583020342,-0.03936833589862897,1.038564784065085,-0.03791556451070867
3.46,1.0394760441047401,0.025870664835526067,1.0397979311225194,0.02488304117448769
3.47,1.037006698368252,0.09116186917254647,1.041005945637034,0.08768325341788882
3.48,1.0304109232538698,0.15624262523035376,1.0421892480254078,0.15048504140480967
3.49,1.0197061237212184,0.2208506367729567,1.043348255625883,0.2132883747511014
3.5,1.004926458321634,0.28472504237700336,1.0444833825348534,0.276093223504117
3.5100000000000002,0.986122720535281,0.3476074892371979,1.0455950394534648,0.3388995581433076
3.52,0.9633621511774912,0.4092431971423175,1.0466836335438656,0.4017073495804651
3.5300000000000002,0.9367281826861158,0.46938200820186027,1.0477495682948499,0.4645165691596263
3.54,0.9063201163837451,0.527779417969829,1.0487932433966272,0.5273271886566525
3.5500000000000003,0.8722527340853521,0.5841975836964508,1.0498150546244531,0.5901391802785002
3.56,0.8346558456921478,0.6384063055403332,1.0508153937308549,0.6529525166621952
3.5700000000000003,0.7936737746751203,0.6901839766921616,1.0517946483461778,0.7157671708735277
3.58,0.7494647836058302,0.73931849849601,1.052753201887189,0.7785831164054773
3.59,0.7022004421365489,0.7856081568050332,1.0536914334734653,0.8414003271763864
3.6,0.652064940065805,0.8288624559740754,1.0546097178512996,0.9042187775278906
3.61,0.5992543483479328,0.8689029070718184,1.0555084253248586,0.9670384422226228
3.62,0.5439758311154393,0.9055637670887275,1.0563879216943273,1.0298592964417008
3.63,0.48644681198012213,0.9386927261233964,1.0572485682007793,1.0926813157820123
3.64,0.4268940980621234,0.9681515397480553,1.058090721477513,1.155504476253308
3.65,0.36555296536481097,0.9938166039830809,1.0589147335075995,1.2183287542751153
3.66,0.30266620926690047,1.0155794705493433,1.0597209515873882,1.2811541266734836
3.67,0.23848316404101308,1.0333473003151776,1.0605097182957253,1.3439805706775712
3.68,0.1732586954293916,1.0470432531106162,1.0612813714686395,1.4068080639160867
3.69,0.10725217041234354,1.0566068123442238,1.062036244179256,1.4696365844135917
3.7,0.04072640839277307,1.061994043126366,1.062774664722706,1.5324661105866775
3.71,-0.02605338190939624,1.0631777828758875,1.0634969566058028,1.595296621240025
3.72,-0.09282067550624573,1.0601477636639136,1.064203438541256,1.6581280955623547
3.73,-0.15930870975255298,1.0529106658276433,1.0648944244462144,1.7209605131222796
3.74,-0.22525156411908193,1.041490102667494,1.0655702234449123,1.7837938538640659
3.75,-0.2903852367299634,1.0259265363216312,1.0662311398752224,1.8466280981033107
3.7600000000000002,-0.3544487132840155,1.0062771251916474,1.0668774732989073,1.909463226522548
3.77,-0.41718502401588287,0.9826155035708469,1.0675095185153722,1.9722992201667837
3.7800000000000002,-0.4783422844063918,0.9550314944011145,1.0681275655787332,2.0351360604389748
3.79,-0.5376747154222552,0.9236307563546228,1.068731899818011,2.097973729095453
3.8000000000000003,-0.5949436391529003,0.8885343667015972,1.0693228018602732,2.160812208241305
3.81,-0.6499184458163376,0.8498783416839498,1.0699005476565493,2.223651480325711
3.8200000000000003,-0.7023775282261825,0.8078130963658127,1.0704654085103562,2.2864915281372507
3.83,-0.7521091799476733,0.7625028461748535,1.0710176511086613,2.3493323347991817
3.84,-0.7989124535212141,0.7141249525817918,1.0715575375551387,2.4121738837646975
3.85,-0.8425979752969793,0.6628692155888448,1.0720853254055571,2.4750161588121644
3.86,-0.8829887136027631,0.6089371159100536,1.0726012677051602,2.5378591440403535
3.87,-0.919920697158789,0.5525410099267392,1.0731056130278944,2.6007028238636587
3.88,-0.9532436808568392,0.49390328068895667,1.0735986055173552,2.663547183007317
3.89,-0.9828217562359695,0.4332554484080202,1.074080484929314,2.7263922065026316
3.9,-1.0085339042123769,0.3708372440452999,1.0745514866757073,2.789237879682196
3.91,-1.030274487855763,0.3068956497479355,1.0750118418699686,2.852084188175133
3.92,-1.0479536832478333,0.24168391001231673,1.0754617773735808,2.914931117902347
3.93,-1.0614978467094118,0.17546051757065628,1.0759015158437506,2.97777865507179
3.94,-1.0708498169400222,0.10848817809430614,1.0763312757820898,3.0406267861737506
3.95,-1.0759691508766454,0.0410327578892721,1.076751271584208,3.103475497976168
3.96,-1.0768322923456763,-0.026637781175627095,1.0771617135901204,-3.11686052965962
3.97,-1.07343267285278,-0.09425445521956424,1.0775628081353774,-3.054010695065161
3.98,-1.065780744128317,-0.16154833606034122,1.077954757602829,-2.991160317847008
3.99,-1.0539039423201888,-0.22825162875229482,1.078337760474941,-2.9283094101729437
4.0,-1.0378465840002482,-0.29409874462280094,1.078712011386585,-2.8654579839560963
4.01,-1.0176696944237287,-0.35882736549989097,1.0790777011782227,-2.802606050859435
4.0200000000000005,-0.9934507687524218,-0.4221794948618574,1.0794350169494182,-2.7397536223002206
4.03,-0.9652834672204518,-0.4839024916950927,1.0797841421126058,-2.6769007094544217
4.04,-0.9332772454854441,-0.5437500829185311,1.0801252564470507,-2.6140473232610804
4.05,-0.8975569216665942,-0.6014833503216416,1.0804585361529424,-2.5511934744266385
4.0600000000000005,-0.8582621818236034,-0.6568716880675752,1.0807841539055603,-2.488339173429215
4.07,-0.8155470258756686,-0.7096937269333714,1.0811022789094598,-2.425484430522836
4.08,-0.7695791561967251,-0.7597382215945709,1.0814130769526253,-2.3626292557416195
4.09,-0.7205393113510167,-0.806804897411624,1.081716710460543,-2.2997736589039084
4.1,-0.668620547650922,-0.8507052533394945,1.0820133385501458,-2.236917649616351
4.11,-0.6140274714259317,-0.891263317759196,1.082303117083589,-2.174061237277937
4.12,-0.5569754250869566,-0.9283163542199154,1.0825861987218162,-2.1112044310839737
4.13,-0.4976896302529832,-0.9617155142821415,1.0828627329778762,-2.048347240030018
4.14,-0.43640429137676684,-0.9913264348649821,1.0831328662699575,-1.9854896729157478
4.15,-0.3733616634621153,-1.017029777723793,1.083396741974105,-1.9226317383487872
4.16,-0.30881108760675036,-1.038721708916448,1.0836545004765912,-1.8597734447484717
4.17,-0.24300799823121122,-1.0563143163571196,1.0839062792259067,-1.7969148003495636
4.18,-0.17621290596528,-1.0697359638043784,1.084152212784354,-1.734055813205912
4.19,-0.1086903602585535,-1.0789315798847274,1.0843924328792083,-1.6711964911940582
4.2,-0.04070789586068681,-1.0838628810123898,1.0846270684534303,-1.608336842016786
4.21,0.027465032620801064,-1.0845085273302146,1.084856245715907,-1.545476873206619
4.22,0.0955581238316743,-1.080864211063903,1.0850800881912004,-1.4826165921292624
4.23,0.16330130616893687,-1.0729426769513357,1.0852987167687886,-1.4197560059869903
4.24,0.23042581337183227,-1.0607736746795253,1.0855122497517815,-1.3568951218219785
4.25,0.2966652549175643,-1.0444038435325598,1.0857208029050964,-1.2940339465195845
4.26,0.3617566769558951,-1.0238965297237586,1.085924489503081,-1.2311724868115717
4.2700000000000005,0.4254416095561837,-0.9993315371530851,1.0861234203765722,-1.168310749279281
4.28,0.48746709609659833,-0.9708048125955703,1.086317703959376,-1.1054487403567483
4.29,0.5475867006979337,-0.938428066587069,1.086507446334167,-1.0425864663337692
4.3,0.6055614896933882,-0.9023283315290606,1.0866927512777904,-0.979723933358911
4.3100000000000005,0.6611609832304466,-0.8626474587834121,1.086873720305965,-0.9168611474424716
4.32,0.7141640732212429,-0.8195415567700661,1.0870504527173797,-0.8539981144593872
4.33,0.7643599039929599,-0.7731803723145383,1.087223045637175,-0.7911348401520881
4.34,0.8115487121394153,-0.7237466177169994,1.0873915940598124,-0.7282713301333026
4.3500000000000005,0.8555426222383798,-0.6714352462296812,1.0875561908913192,-0.6654075898888114
4.36,0.8961663952757334,-0.6164526788335464,1.0877169269909142,-0.6025436247801511
4.37,0.9332581268065562,-0.5590159853977962,1.0878738912120058,-0.5396794400472679
4.38,0.9666698920839516,-0.4993520234861009,1.0880271704425686,-0.47681504081112247
4.39,0.9962683355979777,-0.43769653824071986,1.0881768496448887,-0.4139504320762466
4.4,1.0219352026886985,-0.3742932269292797,1.0883230118946878,-0.35108561873325056
4.41,1.0435678111281665,-0.30939277187829606,1.0884657384196197,-0.2882206055612842
4.42,1.061079460805194,-0.2432518456420151,1.088605108637144,-0.2253553972304507
4.43,1.074399779893125,-0.17613209236433264,1.088741200191778,-0.16248999830417366
4.44,1.0834750061334826,-0.10829908938499329,1.0888740889917294,-0.09962441324151906
4.45,1.088268202126362,-0.04002129321862183,1.0890038492449121,-0.036758646399471843
4.46,1.088759403780725,0.028431025903907434,1.0891305534943498,0.026107297964832032
4.47,1.0849457013432897,0.09678685669793156,1.089254272652969,0.08897341569191737
4.48,1.0768412526924678,0.16477552242992818,1.0893750760377892,0.15183970271782465
4.49,1.06447722885269,0.23212775519291873,1.0894930314035083,0.21470615507200777
4.5,1.047901691953444,0.2985767645866505,1.0896082049754963,0.2775727688752735
4.51,1.0271794061253408,0.36385929656006216,1.0897206614821942,0.34043954033776275
4.5200000000000005,1.0023915820914897,0.42771667821353687,1.0898304641869312,0.4033064657569718
4.53,0.9736355564753219,0.48989584441508544,1.0899376749191576,0.4661735415158146
4.54,0.9410244071047417,0.5501503421576435,1.0900423541051067,0.5290407640807236
4.55,0.9046865058460727,0.6082413086738209,1.0901445607978872,0.5919081299997901
4.5600000000000005,0.864765010748698,0.6639384194293473,1.090244352707014,0.6547756359009422
4.57,0.8214172995216041,0.7170208022366952,1.0903417862273823,0.7176432784901609
4.58,0.7748143465952709,0.7672779138654506,1.0904369164676948,0.7805110545497327
4.59,0.7251400462455936,0.8145103756754025,1.0905297972783443,0.8433789609365387
4.6000000000000005,0.6725904844698953,0.8585307649614371,1.0906204812787623,0.9062469945803797
4.61,0.6173731625077559,0.8991643588755088,1.0907090198842369,0.9691151524823353
4.62,0.5597061750905346,0.9362498279795092,1.0907954633322128,1.0319834317131586
4.63,0.49981734668236677,0.9696398766830194,1.0908798607080719,1.0948518294117047
4.64,0.4379433291413438,0.9992018280309249,1.0909622599704105,1.157720342783391
4.65,0.37432866438190726,1.0248181505268408,1.0910427079758138,1.2205889690986935
4.66,0.30922481575759253,1.0463869249083804,1.091121250503139,1.2834577056916698
4.67,0.24288917200660867,1.0638222490285778,1.0911979322773102,1.3463265499585193
4.68,0.17558402771085097,1.0770545792433055,1.0912727969926397,1.4091954993561704
4.69,0.10757554431139503,1.0860310069563355,1.0913458873356718,1.4720645514008996
4.7,0.03913269579994599,1.0907154692307894,1.0914172450075692,1.5349337036669803
4.71,-0.02947379673417745,1.0910888926370768,1.091486910746038,1.5978029537853602
4.72,-0.09797253747839353,1.0871492697720075,1.0915549243468075,1.6606722994423682
4.73,-0.1660925309425839,1.0789116681505433,1.0916213246846642,1.7235417383784477
4.74,-0.2335642554162343,1.0664081714395424,1.0916861497340562,1.7864112683869202
4.75,-0.30012073058388467,1.049687753270836,1.0917494365892662,1.8492808873127735
4.76,-0.3654985750694702,1.0288160841379446,1.0918112214841664,1.9121505930514768
4.7700000000000005,-0.4294390497205536,1.0038752721456867,1.0918715398115606,1.9750203835478235
4.78,-0.4916890825004363,0.9749635386437758,1.0919304261421212,2.0378902567947965
4.79,-0.5520022709294629,0.9421948300332206,1.091987914242925,2.100760210832462
4.8,-0.6101398581062072,0.9056983672869219,1.092044037095601,2.1636302437468826
4.8100000000000005,-0.665871678444293,0.8656181349722964,1.0920988269140923,2.2265003536690626
4.82,-0.7189770693809365,0.8221123118030783,1.0921523151620391,2.289370538773907
4.83,-0.7692457454484298,0.7753526449787145,1.0922045325697924,2.352240797279211
4.84,-0.8164786312491668,0.7255237707920668,1.092255509151065,2.415111127444668
4.8500000000000005,-0.8604886500378637,0.6728224841985767,1.0923052742192216,2.4779815275709023
4.86,-0.9011014647906936,0.6174569602418122,1.0923538564032227,2.54085199599852
4.87,-0.9381561688294335,0.5596459304205945,1.0924012836632213,2.6037225311071857
4.88,-0.9715059232686822,0.49961781726095367,1.0924475833058236,2.6665931313147153
4.89,-1.0010185387649406,0.4376098305212754,1.0924927819990191,2.729463795076193
4.9,-1.0265769992670257,0.3738670286105364,1.092536905786785,2.792334520883104
4.91,-1.0480799256970397,0.30864134893687634,1.0925799801033729,2.855205307262493
4.92,-1.06544197772903,0.24219061102638756,1.0926220297872828,2.9180761527761327
4.93,-1.0785941920776072,0.17477749635943143,1.0926630790949319,2.9809470560197204
4.94,-1.0874842559601687,0.10666850896359308,1.0927031517140224,3.043818015622086
4.95,-1.0920767146530195,0.03813292087820305,1.0927422707766163,3.106689030244422
4.96,-1.0923531123225536,-0.030558293335112466,1.09278045887192,-3.113625208600059
4.97,-1.0883120655767555,-0.09913352881837553,1.092817738058789,-3.050754087828513
4.98,-1.0799692694485272,-0.16732162513588478,1.0928541298779535,-2.987882915866706
4.99,-1.0673574357897158,-0.23485293923217349,1.092889655363975,-2.92501169393137
5.0,-1.0505261643221366,-0.3014604123832196,1.0929243350569342,-2.8621404232104792
5.01,-1.029541746858308,-0.3668806269188971,1.092958189013861,-2.7992691048639204
5.0200000000000005,-1.004486905468975,-0.4308548485354214,1.0929912368199106,-2.7363977400241506
5.03,-0.9754604656357712,-0.493130050073832,1.0930234975992856,-2.673526329796839
5.04,-0.9425769656844996,-0.5534599127141546,1.0930549900259172,-2.610654875261494
5.05,-0.9059662040465044,-0.6116058006244869,1.0930857323339063,-2.547783377472075
5.0600000000000005,-0.8657727261414524,-0.6673377052095139,1.0931157423277291,-2.484911837457592
5.07,-0.822155252913574,-0.7204351552234542,1.0931450373922142,-2.422040256222691
5.08,-0.7752860532840967,-0.7706880891476938,1.093173634502294,-2.3591686347482237
5.09,-0.7253502630043094,-0.8178976863828381,1.093201550232536,-2.296296973991807
5.1000000000000005,-0.6725451526055706,-0.8618771539680259,1.093228800766461,-2.2334252748883694
5.11,-0.6170793473437606,-0.9024524657164357,1.0932554019056462,-2.1705535383506813
5.12,-0.5591720022253991,-0.9394630508442974,1.0932813690786267,-2.107681765269878
5.13,-0.4990519353801452,-0.9727624293706413,1.0933067173495918,-2.044809956515968
5.14,-0.4369567232089737,-1.0022187917756902,1.093331461426885,-1.9819381129383273
5.15,-0.3731317608883266,-1.0277155206263868,1.0933556156713096,-1.9190662353661887
5.16,-0.30782929194737624,-1.0491516521071829,1.0933791941042477,-1.8561943246091126
5.17,-0.2413074107576708,-1.0664422756319856,1.0934022104155905,-1.7933223814574517
5.18,-0.17382904188137607,-1.0795188699581213,1.09342467797149,-1.730450406682803
5.19,-0.105660900315665,-1.0883295744743695,1.0934466098219333,-1.6675784010384502
5.2,-0.037072436746172444,-1.0928393945915433,1.0934680187081423,-1.6047063652597944
5.21,0.031665228018463665,-1.0930303404247448,1.093488917069805,-1.541834300064776
5.22,0.10028037521635098,-1.0889014982202512,1.093509317052141,-1.4789622061542869
5.23,0.16850176266581685,-1.0804690342459786,1.093529230512804,-1.4160900842125725
5.24,0.23605969741287047,-1.067766131131543,1.093548669028626,-1.3532179349076248
5.25,0.3026871022505446,-1.0508428569110575,1.0935676439022073,-1.290345758891565
5.26,0.36812057189240477,-1.029765967287911,1.0935861661683537,-1.2274735568010195
5.2700000000000005,0.43210141462358626,-1.004618641904801,1.0936042466003648,-1.164601329257486
5.28,0.4943766753102985,-0.9755001556632298,1.0936218957161794,-1.1017290768676895
5.29,0.5547001357225958,-0.9425254863934415,1.093639123784377,-1.0388568002239327
5.3,0.6128332882150624,-0.905824860427421,1.0936559408300413,-0.975984499904437
5.3100000000000005,0.6685462789155401,-0.8655432378730396,1.0936723566404887,-0.9131121764736747
5.32,0.7216188166927177,-0.8218397396257949,1.093688380770863,-0.8502398304826946
5.33,0.7718410443088348,-0.7748870183848919,1.0937040225496022,-0.7873674624694398
5.34,0.819014368313379,-0.724870576161727,1.0937192910837759,-0.7244950729590575
5.3500000000000005,0.8629522443968937,-0.6719880309803259,1.0937341952643025,-0.6616226624642021
5.36,0.9034809151002156,-0.6164483356700785,1.093748743771042,-0.598750231485331
5.37,0.9404400969629233,-0.5584709518404422,1.0937629450777724,-0.535877780510993
5.38,0.9736836143947638,-0.49828498230438734,1.093776807457049,-0.47300531001811114
5.39,1.0030799777645376,-0.43612826538154337,1.0937903389849535,-0.4101328204722575
5.4,1.028512903421531,-0.3722464346626176,1.0938035475457273,-0.3472603123279227
5.41,1.0498817735942185,-0.30689194795311203,1.093816440836303,-0.28438778602877807
5.42,1.067102034348704,-0.24032308923611193,1.0938290263707262,-0.2215152420079324
5.43,1.0801055300342925,-0.17280294760048723,1.0938413114844752,-0.1586426806881824
5.44,1.0888407728947171,-0.1045983771718141,1.09385330333868,-0.09577010248225729
5.45,1.0932731467798895,-0.035978942158324895,1.093865008924243,-0.032897507793057404
5.46,1.0933850441535875,0.03278414881705809,1.093876435065863,0.029975102986112327
5.47,1.089175935856214,0.10141911488529382,1.0938875884259662,0.09284772947131484
5.48,1.0806623733476075,0.16965467736148554,1.0938984755085426,0.15572037128775865
5.49,1.0678779234218088,0.23722113218907664,1.0939091026628958,0.21859302806958064
5.5,1.0508730356526415,0.3038514161581651,1.0939194760873034,0.28146569945963407
5.51,1.0297148430948773,0.3692821626828242,1.093929601832591,0.3443383851092818
5.5200000000000005,1.0044868970295986,0.43325474296367994,1.0939394858056253,0.4072110846781938
5.53,0.9752888368030763,0.49551628841985285,1.09394913377272,0.47008379783415033
5.54,0.9422359960650428,0.5558206903484975,1.0939585513629682,0.5329565242528489
5.55,0.9054589469636236,0.6139295728602701,1.0939677440714912,0.5958292636177164
5.5600000000000005,0.8651029840994197,0.6696132352447695,1.0939767172626151,0.6587020156197247
5.57,0.821327550279326,0.7226515600409089,1.0939854761729693,0.7215747799572129
5.58,0.774305606340697,0.7728348832228089,1.0939940259145144,0.7844475563357103
5.59,0.7242229475375112,0.8199648230616178,1.0940023714774985,0.8473203444677668
5.6000000000000005,0.6712774691913789,0.8638550643870745,1.094010517733344,0.9101931440727855
5.61,0.6156783845107382,0.9043320951489786,1.094018469437465,0.9730659548768599
5.62,0.5576453976706053,0.9412358923673345,1.0940262312320213,1.0359387766126142
5.63,0.49740783542204353,0.9744205547600381,1.0940338076486043,1.098811609019049
5.64,0.43520374066438433,1.0037548795477857,1.094041203110862,1.1616844518413887
5.65,0.3712789315635314,1.029122881156579,1.094048421937062,1.224557304830934
5.66,0.3058860299358145,1.0504242497678895,1.0940554683425916,1.2874301677449165
5.67,0.23928346273828596,1.0675747479043474,1.0940623464424026,1.3503030403463587
5.68,0.17173444061260273,1.0805065434837602,1.094069060253395,1.4131759224039357
5.69,0.10350591752027752,1.0891684780254154,1.0940756136967473,1.4760488136918404
5.7,0.03486753558176951,1.0935262689489489,1.0940820106001903,1.538921713989652
5.71,-0.033909440709687336,1.0935626451665876,1.0940882547002266,1.6017946230822084
5.72,-0.10255319668667687,1.089277415433243,1.0940943496442992,1.664667540759481
5.73,-0.1707924418804797,1.08068746918472,1.0941002989929085,1.7275404668164518
5.74,-0.23835748232156256,1.06782670986115,1.0941061062216784,1.7904134010529944
5.75,-0.30498128652924406,1.0507459209796144,1.094111774723374,1.8532863432737576
5.76,-0.37040054097709546,1.029512565485724,1.094117307809872,1.916159293288052
5.7700000000000005,-0.43435669086228107,1.0042105191776347,1.0941227087140848,1.9790322509097378
5.78,-0.4965969620651738,0.9749397392565409,1.0941279805918371,2.041905215957118
5.79,-0.5568753602599718,0.9418158693140903,1.094133126523701,2.104778188252831
5.8,-0.614953643227393,0.9049697823183769,1.0941381495167848,2.167651167623749
5.8100000000000005,-0.6706022625264829,0.8645470634052052,1.0941430525064817,2.2305241539008747
5.82,-0.7236012708037135,0.8207074345192202,1.094147838358176,2.293397146919246
5.83,-0.773741191153403,0.7736241231793032,1.0941525098689087,2.3562701465178373
5.84,-0.8208238450935089,0.723483177863454,1.0941570697690048,2.419143152539466
5.8500000000000005,-0.8646631358844435,0.6704827327193393,1.0941615207236601,2.482016164830703
5.86,-0.9050857840950927,0.614832224506939,1.0941658653344928,2.5448891832417804
5.87,-0.9419320125089793,0.5567515648684918,1.0941701061410563,2.607762207626506
5.88,-0.9750561776637633,0.4964702711974781,1.0941742456223167,2.6706352378421774
5.89,-1.0043273455282118,0.43422655954197387,1.0941782861980964,2.7335082737494987
5.9,-1.0296298090415803,0.37026640312773457,1.0941822302304818,2.7963813152125003
5.91,-1.0508635454701396,0.30484256022221895,1.0941860800251981,2.8592543620984587
5.92,-1.0679446117734561,0.23821357518190459,1.0941898378329524,2.9221274142778184
5.93,-1.0808054764180492,0.17064275663120354,1.0941935058507442,2.985000471624118
5.94,-1.0893952863272343,0.1023971368116385,1.0941970862231438,3.0478735340139154
5.95,-1.0936800679123284,0.033746416214328875,1.0942005810435425,3.1107466013267153
5.96,-1.0936428613909268,-0.03503810233303041,1.0942039923553715,-3.109565633734685
5.97,-1.0892837878616224,-0.10368458591186504,1.0942073221532924,-3.046692556925923
5.98,-1.080620048870311,-0.17192174585326195,1.0942105723843594,-2.9838194755386516
5.99,-1.0676858584700257,-0.23947990992727292,1.0942137449491534,-2.9209463896822623
6.0,-1.0505323080430433,-0.3060920881434292,1.0942168417028906,-2.8580732994635336
6.01,-1.029227164419737,-0.3714950279501924,1.0942198644565024,-2.7952002049866955
6.0200000000000005,-1.00385460209227,-0.43543025466298946,1.0942228149776927,-2.7323271063534866
6.03,-0.9745148705816812,-0.49764509300888404,1.0942256949919664,-2.6694540036632173
6.04,-0.9413238982731936,-0.5578936657505905,1.094228506183637,-2.606580897012826
6.05,-0.9044128342856543,-0.6159378654431452,1.0942312501968077,-2.5437077864969355
6.0600000000000005,-0.863927530185898,-0.6715482954827543,1.0942339286363307,-2.480834672207909
6.07,-0.8200279635965584,-0.7245051767287204,1.0942365430687429,-2.4179615542359034
6.08,-0.7728876059754823,-0.7745992161154271,1.0942390950231795,-2.3550884326689223
6.09,-0.7226927370655276,-0.8216324338215995,1.0942415859922656,-2.2922153075928673
6.1000000000000005,-0.669641708724275,-0.8654189457278585,1.0942440174329877,-2.2293421790915886
6.11,-0.6139441610432271,-0.9057856980703122,1.094246390767543,-2.166469047246933
6.12,-0.5558201938546057,-0.9425731513868592,1.0942487073841698,-2.103595912138792
6.13,-0.4954994969001545,-0.9756359110532982,1.0942509686379562,-2.04072277384515
6.140000000000001,-0.43322044209971144,-1.0048433019174254,1.0942531758516325,-1.9778496324421273
6.15,-0.3692291415070788,-1.0300798847602415,1.094255330316342,-1.9149764880040263
6.16,-0.3037784746763105,-1.0512459125432994,1.0942574332923949,-1.8521033406033747
6.17,-0.23712708928240978,-1.0682577246392044,1.0942594860100041,-1.7892301903109669
6.18,-0.16953837894611334,-1.0810480774873692,1.0942614896700025,-1.7263570371959072
6.19,-0.10127944230251158,-1.08956641036839,1.094263445444545,-1.6634838813256478
6.2,-0.03262002742736232,-1.0937790452468201,1.0942653544777918,-1.6006107227660304
6.21,0.03616853420719382,-1.0936693198926875,1.0942672178865775,-1.5377375615813236
6.22,0.10481440003444525,-1.0892376537557824,1.094269036761062,-1.4748643978342602
6.23,0.1730462907146628,-1.080501546332512,1.0942708121653677,-1.4119912315860745
6.24,0.24059456223064302,-1.0674955080318984,1.0942725451382007,-1.349118062896538
6.25,0.30719227152030204,-1.0502709238140637,1.094274236693458,-1.286244891823994
6.26,0.3725762314349362,-1.0288958501402266,1.0942758878208176,-1.2233717184253916
6.2700000000000005,0.4364880508539657,-1.0034547460367798,1.0942774994863196,-1.16049854275632
6.28,0.4986751558456516,-0.9740481393363964,1.094279072632928,-1.0976253648710397
6.29,0.5588917878381948,-0.9407922294152866,1.094280608181082,-1.0347521848225147
6.3,0.6168999748564943,-0.9038184279966848,1.0942821070292348,-0.9718790026624441
6.3100000000000005,0.672470471986294,-0.8632728398354038,1.0942835700543767,-0.9090058184412912
6.32,0.7253836673490741,-0.8193156853358708,1.0942849981125482,-0.8461326322083139
6.33,0.7754304500073507,-0.7721206673855303,1.0942863920393413,-0.7832594440115928
6.34,0.8224130363705058,-0.7218742849059498,1.0942877526503854,-0.72038625389806
6.3500000000000005,0.8661457518352862,-0.6687750958345245,1.094289080741826,-0.657513061913526
6.36,0.9064557645720213,-0.6130329324495152,1.0942903770907881,-0.5946398681027069
6.37,0.9431837685567412,-0.5548680721394826,1.094291642455832,-0.5317666725092499
6.38,0.9761846131499547,-0.49451036689425304,1.094292877577395,-0.46889347517575986
6.390000000000001,1.0053278767340992,-0.43219833495766796,1.0942940831782253,-0.406020276143823
6.4,1.0304983821427536,-0.3681782182318988,1.0942952599638036,-0.3431470754540322
6.41,1.0515966518447484,-0.3027030091584429,1.0942964086227558,-0.28027387314601027
6.42,1.0685393010843864,-0.23603145092153383,1.0942975298272557,-0.2174006692584331
6.43,1.081259367424192,-0.1684270149251174,1.0942986242334172,-0.15452746382905244
6.44,1.0897065753879325,-0.10015685958434821,1.094299692481678,-0.09165425689471801
6.45,1.0938475351581427,-0.03149077454639508,1.0943007351971743,-0.02878104849139883
6.46,1.093665874542984,0.03729988548708264,1.0943017529901062,0.03409216134579557
6.47,1.089162303690995,0.10594327312234257,1.094302746456094,0.09696537258259465
6.48,1.0803546122980545,0.17416812258297143,1.0943037161765268,0.15983858518554686
6.49,1.0672775993176642,0.2417048217207369,1.094304662718902,0.22271179912200004
6.5,1.0499829354523973,0.3082864774914066,1.0943055866371572,0.28558501436008227
6.51,1.0285389589699967,0.37364997068489453,1.0943064884719944,0.3484582308686834
6.5200000000000005,1.0030304056510981,0.43753699574156946,1.0943073687511953,0.41133144861743665
6.53,0.973558073935857,0.49969508154550407,1.0943082279899314,0.474204667576701
6.54,0.9402384265928357,0.5598785891606276,1.0943090666910633,0.5370778877175436
6.55,0.9032031304843665,0.6178496825668703,1.0943098853454363,0.5999511090117234
6.5600000000000005,0.8625985362472325,0.673379268560095,1.0943106844321664,0.6628243314316739
6.57,0.8185850999449531,0.7262479021014758,1.0943114644189211,0.7256975549504876
6.58,0.7713367489772766,0.776246653538532,1.0943122257621927,0.7885707795419001
6.59,0.7210401947527649,0.8231779342707035,1.0943129689075644,0.8514440051802745
6.6000000000000005,0.6678941948407386,0.8668562775965861,1.094313694289973,0.9143172318405868
6.61,0.6121087675184904,0.9071090716570571,1.0943144023339606,0.9771904594984107
6.62,0.5539043618178039,0.9437772415778443,1.0943150934539252,1.040063688129904
6.63,0.4935109863506639,0.9767158781158429,1.0943157680543616,1.1029369177117943
6.640000000000001,0.43116730035694206,1.0057948103249044,1.0943164265300982,1.165810148221365
6.65,0.36711967056612516,1.0308991199780433,1.0943170692665285,1.2286833796364431
6.66,0.30162119760025036,1.0519295957131862,1.0943176966398362,1.291556611935385
6.67,0.23493071576557095,1.0688031251077874,1.0943183090172146,1.3544298450970642
6.68,0.16731177018563695,1.0814530231329353,1.0943189067570827,1.4173030791008598
6.69,0.09903157531801104,1.0898292956889906,1.0943194902092936,1.4801763139266433
6.7,0.03035995897040547,1.0938988371813454,1.0943200597153395,1.5430495495547674
6.71,-0.03843170401067654,1.0936455613555593,1.0943206156085523,1.605922785966054
6.72,-0.10707156416490346,1.0890704648748681,1.094321158214297,1.668796023141784
6.73,-0.17528837171863537,1.0801916233888595,1.0943216878501634,1.7316692610636852
6.74,-0.24281254851554765,1.0670441201088892,1.0943222048261512,1.7945424997139225
6.75,-0.30937725334127425,1.0496799071725296,1.0943227094448518,1.8574157390750865
6.76,-0.37471943643209693,1.0281676003449534,1.0943232020016245,1.9202889791301845
6.7700000000000005,-0.43858087900045306,1.0025922078685892,1.0943236827847702,1.9831622198626297
6.78,-0.5007092136692506,0.9730547945326203,1.0943241520756997,2.0460354612562313
6.79,-0.5608589217824258,0.9396720822898967,1.0943246101490982,2.1089087032951865
6.8,-0.6187923036505655,0.9025759889995797,1.094325057273086,2.1717819459640695
6.8100000000000005,-0.6742804178973729,0.8619131071183527,1.0943254937093756,2.234655189247823
6.82,-0.7271039861948694,0.8178441244003432,1.0943259197134247,2.29752843313175
6.83,-0.7770542598120012,0.7705431888950658,1.0943263355345854,2.360401677601504
6.84,-0.8239338445522324,0.720197220752821,1.0943267414162507,2.4232749226430834
6.8500000000000005,-0.8675574808201446,0.6670051735571856,1.0943271375959964,2.486148168242819
6.86,-0.9077527757343885,0.61117724810369,1.09432752430572,2.5490214143873695
6.87,-0.9443608843938371,0.5529340617316951,1.094327901771777,2.6118946610637117
6.88,-0.9772371376047307,0.49250577649212746,1.0943282702151127,2.674767908259135
6.890000000000001,-1.0062516135881785,0.43013118959639685,1.0943286298513917,2.7376411559612315
6.9,-1.0312896514087633,0.3660567897408794,1.0943289808911245,2.8005144041578895
6.91,-1.052252304095303,0.3005357830361956,1.0943293235397893,2.8633876528372886
6.92,-1.0690567296631481,0.23382709239062777,1.0943296579979547,2.9262609019878885
6.93,-1.0816365184927963,0.1661943343019214,1.0943299844613945,2.989134151598427
6.94,-1.0899419557711096,0.09790477710099024,1.094330303121204,3.0520074016579097
6.95,-1.0939402179580453,0.02922828476433964,1.0943306141639102,3.1148806521556054
6.96,-1.0936155025025238,-0.03956374953094979,1.094330917771583,-3.105431404098547
6.97,-1.0889690902948446,-0.1081994758953044,1.0943312141219403,-3.042558152755599
6.98,-1.0800193406088727,-0.1764076620195526,1.0943315033884518,-2.9796849010051174
6.99,-1.0668016185540048,-0.24391876502725096,1.0943317857404415,-2.916811648856843
7.0,-1.0493681553236271,-0.31046599665070584,1.0943320613431868,-2.8539383963202845
7.01,-1.027787841792356,-0.3757863775213413,1.094332330358014,-2.7910651434047233
7.0200000000000005,-1.0021459562777386,-0.43962177640808364,1.0943325929423935,-2.728191890119219
7.03,-0.9725438275422607,-0.5017199302969177,1.0943328492500326,-2.6653186364726147
7.04,-0.9390984343674225,-0.5618354412804839,1.094333099430964,-2.602445382473541
7.05,-0.9019419432822974,-0.6197307463182272,1.0943333436316347,-2.5395721281304247
7.0600000000000005,-0.861221186273386,-0.6751770560348236,1.094333581994992,-2.4766988734514883
7.07,-0.8170970805397585,-0.7279552588469616,1.0943338146605648,-2.4138256184447595
7.08,-0.7697439925865015,-0.7778567868455767,1.0943340417645486,-2.3509523631180738
7.09,-0.7193490491694463,-0.8246844400117692,1.0943342634398834,-2.288079107479079
7.1000000000000005,-0.6661113978141862,-0.8682531655092943,1.0943344798163308,-2.225205851535241
7.11,-0.6102414198316615,-0.9083907889740425,1.0943346910205511,-2.162332595293846
7.12,-0.5519598989403111,-0.9449386949106267,1.0943348971761784,-2.0994593387620073
7.13,-0.49149714878022105,-0.9777524535073099,1.0943350984038898,-2.036586081946667
7.140000000000001,-0.42909210276714965,-1.0067023913922521,1.094335294821479,-1.973712824854602
7.15,-0.36499136988313013,-1.0316741040755861,1.094335486543924,-1.9108395674924274
7.16,-0.2994482601349627,-1.052568908052278,1.0943356736834549,-1.8479663098665995
7.17,-0.2327217835317707,-1.0693042307791758,1.0943358563496186,-1.7850930519834205
7.18,-0.16507562653744162,-1.0818139369851552,1.0943360346493438,-1.7222197938490424
7.19,-0.09677711004278537,-1.0900485900248724,1.0943362086870039,-1.6593465354694696
7.2,-0.028096132975271693,-1.0939756472433237,1.0943363785644764,-1.596473276850563
7.21,0.040695894279036623,-1.093579588579188,1.0943365443812048,-1.533600017998044
7.22,0.10932712242647968,-1.0888619778987523,1.0943367062342546,-1.4707267589174964
7.23,0.17752633755124797,-1.0798414568180554,1.0943368642183722,-1.4078534996143712
7.24,0.24502403288995106,-1.0665536710376726,1.0943370184260386,-1.3449802400939888
7.25,0.3115534738599013,-1.0490511294812617,1.0943371689475245,-1.2821069803615426
7.26,0.376851752132367,-1.0274029967945322,1.0943373158709433,-1.2192337204221015
7.2700000000000005,0.4406608245853426,-1.0016948200246458,1.094337459282301,-1.1563604602806137
7.28,0.5027285330301372,-0.9720281905601564,1.094337599265549,-1.093487199941909
7.29,0.5628096006820618,-0.9385203426674336,1.094337735902632,-1.030613939410701
7.3,0.6206666014373972,-0.9013036902100713,1.0943378692735353,-0.9677406786915922
7.3100000000000005,0.6760708981262912,-0.8605253033820667,1.0943379994563325,-0.9048674177890734
7.32,0.7288035460338312,-0.8163463275226047,1.0943381265272314,-0.8419941567075293
7.33,0.778656158118795,-0.7689413463091652,1.0943382505606178,-0.7791208954512391
7.34,0.8254317285109409,-0.7184976918454713,1.0943383716290997,-0.71624763402438
7.3500000000000005,0.8689454110325776,-0.6652147043706552,1.0943384898035495,-0.6533743724310292
7.36,0.9090252496678823,-0.6093029445151041,1.0943386051531454,-0.5905011106751666
7.37,0.9455128580933336,-0.5509833612159701,1.094338717745412,-0.5276278487606768
7.38,0.9782640455839188,-0.4904864185805512,1.0943388276462602,-0.4647545866913517
7.390000000000001,1.0071493868216905,-0.4280511851479767,1.094338934920025,-0.4018813244708925
7.4,1.0320547333549306,-0.363924389148224,1.0943390396295039,-0.33900806210291173
7.41,1.0528816646867607,-0.29835944349186183,1.0943391418359931,-0.27613479959093595
7.42,1.0695478772106144,-0.23161544434353157,1.0943392415993238,-0.21326153693840713
7.43,1.0819875094555946,-0.1639561472365691,1.0943393389778968,-0.15038827414868508
7.44,1.0901514023564316,-0.09564892477491928,1.094339434028717,-0.0875150112250493
7.45,1.0940072935195242,-0.026963710041258096,1.0943395268074272,-0.02464174817070084
7.46,1.093539944717376,0.041828070113278076,1.094339617368339,0.03823151501123572
7.47,1.0887512021076078,0.11045456768237197,1.0943397057644673,0.10110477831771052
7.48,1.0796599889385805,0.17864458778210307,1.0943397920475584,0.16397804174574657
7.49,1.0663022307704586,0.24612866034753667,1.0943398762681225,0.22685130529243805
7.5,1.0487307135072317,0.3126401050132376,1.0943399584754618,0.2897245689549487
7.51,1.027014874800721,0.3779160849695582,1.094340038717701,0.3525978327305098
7.5200000000000005,1.0012405296508977,0.4416986456301164,1.0943401170418132,0.4154710966164191
7.53,0.9715095312868804,0.5037357340059014,1.0943401934936496,0.4783443606100388
7.54,0.9379393686687332,0.56378219475769,1.094340268117965,0.5412176247087942
7.55,0.9006627022006433,0.6216007389906161,1.0943403409584445,0.604090888910172
7.5600000000000005,0.8598268394902344,0.6769628819624565,1.094340412057729,0.6669641532117192
7.57,0.8155931532256894,0.7296498460000377,1.09434048145744,0.7298374176110414
7.58,0.7681364434710962,0.779453425055662,1.0943405491982041,0.7927106821058011
7.59,0.7176442469000748,0.8261768074870377,1.094340615319677,0.8555839466937172
7.6000000000000005,0.6643160956974278,0.8696353538092919,1.0943406798605662,0.9184572113725629
7.61,0.6083627290574595,0.9096573263455813,1.0943407428586542,0.9813304761401644
7.62,0.5500052603949318,0.9460845678929043,1.0943408043508203,1.0442037409944003
7.63,0.48947430355963895,0.9787731267211961,1.0943408643730619,1.1070770059331996
7.640000000000001,0.4270090615075896,1.007593825435866,1.0943409229605165,1.1699502709545408
7.65,0.36285638103014745,1.0324327714557757,1.094340980147481,1.2328235360564508
7.66,0.2972697772766104,1.053191807089378,1.0943410359674333,1.2956968012370036
7.67,0.23050843192507858,1.069788897430429,1.0943410904530504,1.3585700664943194
7.68,0.16283616896059416,1.0821584545404086,1.0943411436362287,1.4214433318265633
7.69,0.09452041210802856,1.0902515966365636,1.0943411955481013,1.484316597231944
7.7,0.025831128039686124,1.0940363412613305,1.094341246219058,1.5471898627087137
7.71,-0.04296024046619133,1.093497731669782,1.094341295678762,1.6100631282551654
7.72,-0.11158184720012372,1.0886378959356495,1.0943413439561671,1.6729363938696336
7.73,-0.17976251679034944,1.0794760385423527,1.094341391079535,1.7358096595504922
7.74,-0.24723281632079364,1.0660483644922696,1.094341437076452,1.7986829252961545
7.75,-0.3137261200632786,1.0484079362341516,1.094341481973845,1.8615561911050713
7.76,-0.37897966311641773,1.0266244639740747,1.0943415257979978,1.9244294569757305
7.7700000000000005,-0.4427355797874734,1.0007840301985678,1.0943415685745643,1.9873027229066564
7.78,-0.5047419226137511,0.9709887494985404,1.094341610328587,2.050175988896408
7.79,-0.56475365799661,0.9373563650383011,1.0943416510845088,2.1130492549435798
7.8,-0.6225336345135934,0.9000197832643256,1.0943416908661883,2.175922521046798
7.8100000000000005,-0.6778535200821485,0.8591265486924928,1.0943417296969142,2.238795787204724
7.82,-0.7304947042714995,0.8148382608493008,1.094341767599418,2.3016690534160498
7.83,-0.7802491621969639,0.7673299356711698,1.0943418045958886,2.3645423196794986
7.84,-0.8269202765828146,0.7167893138854253,1.0943418407079835,2.4274155859938245
7.8500000000000005,-0.8703236147451043,0.6634161191060692,1.0943418759568433,2.490288852357811
7.86,-0.9102876574240093,0.6074212685761631,1.094341910363103,2.553162118770272
7.87,-0.9466544765855301,0.5490260396757743,1.0943419439469042,2.616035385230048
7.88,-0.9792803595140489,0.48846119548924055,1.094341976727907,2.678908651736008
7.890000000000001,-1.008036376729484,0.425966072887293,1.094342008725302,2.7417819182870486
7.9,-1.0328088914847797,0.36178763672771397,1.0943420399578205,2.8046551848820913
7.91,-1.0535000088303241,0.2961795039120916,1.0943420704437465,2.8675284515200845
7.92,-1.070027962470706,0.2294009411553577,1.0943421002009264,2.930401718200002
7.930000000000001,-1.082327437885054,0.16171584042867448,1.094342129246781,2.9932749849208413
7.94,-1.090349830434065,0.09339167612446432,1.0943421575983132,3.056148251681624
7.95,-1.0940634374337534,0.024698448064607206,1.0943421852721207,3.1190215184813956
7.96,-1.0934535834368921,-0.04409238547122672,1.094342212284404,-3.1012905218603626
7.97,-1.088522678227069,-0.11270898048070346,1.0943422386509765,-3.0384172549853874
7.98,-1.0792902072961803,-0.1808801814982292,1.094342264387273,-2.9755439880741528
7.99,-1.0657926548429961,-0.24833659313342768,1.09434228950836,-2.912670721127526
8.0,-1.048083359597087,-0.3148116446542386,1.0943423140289439,-2.849797454146353
8.01,-1.0262323040378643,-0.38004264340767197,1.094342337963379,-2.7869241871314596
8.02,-1.0003258378416857,-0.44377181291536266,1.0943423613256769,-2.7240509200836516
8.03,-0.970466336649901,-0.5057473115416329,1.094342384129514,-2.661177653003716
8.040000000000001,-0.9367717975062966,-0.5657242277085415,1.0943424063882399,-2.598304385892421
8.05,-0.899375372562674,-0.6234655477250803,1.0943424281148852,-2.5354311187505156
8.06,-0.8584248428952416,-0.6787430924059001,1.0943424493221692,-2.472557851578732
8.07,-0.8140820345111662,-0.731338418778284,1.0943424700225064,-2.4096845843777843
8.08,-0.7665221788530814,-0.7810436833140502,1.0943424902280152,-2.34681131714837
8.09,-0.7159332203286791,-0.8276624632751084,1.0943425099505242,-2.283938049891169
8.1,-0.6625150736018565,-0.8710105329269191,1.094342529201579,-2.2210647826068457
8.11,-0.6064788335804154,-0.910916591552457,1.0943425479924496,-2.158191515296049
8.120000000000001,-0.5480459412222479,-0.94722294038975,1.0943425663341362,-2.0953182479594106
8.13,-0.48744730845653145,-0.9797861058179088,1.0943425842373764,-2.0324449805975493
8.14,-0.4249224056780269,-1.0084774063289728,1.094342601712651,-1.9695717132110675
8.15,-0.36071831542047295,-1.0331834610450428,1.09434261877019,-1.906698445800554
8.16,-0.29508875594872197,-1.0538066377711715,1.0943426354199792,-1.8438251783665829
8.17,-0.22829307862813697,-1.070265438813418,1.0943426516717656,-1.7809519109097154
8.18,-0.160595243033393,-1.0824948230374143,1.094342667535063,-1.7180786434304982
8.19,-0.09226277384679624,-1.090446462894747,1.0943426830191583,-1.6552053759294663
8.2,-0.02356570366819577,-1.0940889354014558,1.094342698133116,-1.5923321084071407
8.21,0.04522449408576207,-1.093407846313947,1.0943427128857839,-1.5294588408640304
8.22,0.1138359779761237,-1.0884058870116142,1.0943427272857984,-1.4665855733006323
8.23,0.18199761279044882,-1.0791028238613791,1.0943427413415894,-1.4037123057174317
8.24,0.24944004100080053,-1.0655354201061842,1.0943427550613856,-1.3408390381149013
8.25,0.31589674719677346,-1.0477572905861128,1.0943427684532183,-1.277965770493504
8.26,0.38110511128718866,-1.0258386898662455,1.0943427815249276,-1.21509250285369
8.27,0.444807446308468,-0.9998662346085176,1.0943427942841657,-1.1522192351959
8.28,0.5067520167385312,-0.9699425612846955,1.0943428067384022,-1.0893459675205637
8.290000000000001,0.566694033292096,-0.9361859205831037,1.0943428188949278,-1.0264726998281004
8.3,0.6243966202662018,-0.8987297101119082,1.094342830760859,-0.9635994321189194
8.31,0.6796317516132514,-0.8577219472455927,1.0943428423431423,-0.9007261643934206
8.32,0.7321811520424473,-0.8133246841978082,1.0943428536485582,-0.8378528966519939
8.33,0.7818371595886967,-0.76571336763208,1.0943428646837252,-0.7749796288950201
8.34,0.8284035462403317,-0.71507614534103,1.0943428754551032,-0.712106361122871
8.35,0.8716962933827318,-0.6616131227339445,1.0943428859689979,-0.649233093335909
8.36,0.9115443189934904,-0.6055355720708588,1.0943428962315644,-0.5863598255344883
8.370000000000001,0.9477901537154364,-0.5470650975680702,1.0943429062488104,-0.5234865577189547
8.38,0.9802905631358396,-0.48643275967436783,1.0943429160266003,-0.4606132898896454
8.39,1.0089171138127115,-0.42387816197862227,1.0943429255706583,-0.3977400220468898
8.4,1.0335566808114083,-0.35964850435704376,1.094342934886571,-0.33486675419100936
8.41,1.0541118947458807,-0.2939976061018331,1.0943429439797925,-0.27199348632231773
8.42,1.0705015265579778,-0.22718490289157392,1.094342952855646,-0.2091202184411212
8.43,1.082660808514253,-0.15947442156708574,1.0943429615193276,-0.14624695054771863
8.44,1.0905416901517766,-0.09113373676416539,1.094342969975909,-0.08337368264240184
8.45,1.094113028161521,-0.022432913526339957,1.0943429782303413,-0.02050041472545563
8.46,1.0933607094589484,0.04635655992384134,1.0943429862874563,0.042372853202842016
8.47,1.0882877069554586,0.11496284503755831,1.0943429941519704,0.10524612114221973
8.48,1.0789140678103013,0.18311482717687128,1.0943430018284883,0.1681193890924127
8.49,1.0652768342093795,0.2505431869911593,1.0943430093215039,0.23099265705316233
8.5,1.047429896984007,0.3169814646990365,1.0943430166354031,0.29386592502421627
8.51,1.0254437826480824,0.3821671130699739,1.094343023774468,0.3567391930053282
8.52,0.999405374695254,0.44584253494450965,1.0943430307428779,0.4196124609962577
8.53,0.9694175702574408,0.5077561011930305,1.094343037544712,0.4824857289967702
8.540000000000001,0.9355988734815073,0.5676631450904092,1.0943430441839526,0.5453589970066365
8.55,0.8980829272309657,0.6253269291769815,1.094343050664486,0.608232265025633
8.56,0.8570179849633027,0.6805195807850725,1.094343056990106,0.6711055330535415
8.57,0.8125663248699371,0.7330229925341084,1.094343063164516,0.7339788010901489
8.58,0.7649036085939802,0.782629684235787,1.0943430691913303,0.7968520691352473
8.59,0.7142181870599843,0.8291436228032731,1.094343075074077,0.8597253371886339
8.6,0.6607103561588641,0.8723809969243485,1.0943430808162005,0.9225986052501102
8.61,0.6045915652293363,0.9121709434372028,1.094343086421062,0.985471873319483
8.620000000000001,0.5460835814637591,0.948356222538414,1.0943430918919421,1.0483451413965637
8.63,0.4854176135404272,0.9807938391548656,1.0943430972320445,1.111218409481168
8.64,0.42283339794550656,1.009355608024099,1.0943431024444947,1.1740916775731156
8.65,0.3585782515952335,1.0339286602500455,1.0943431075323446,1.2369649456722316
8.66,0.29290609450217425,1.0544158893323574,1.0943431124985723,1.2998382137783444
8.67,0.22607644634772167,1.0707363349067471,1.0943431173460854,1.3627114818912867
8.68,0.15835340092611982,1.0828255026798854,1.0943431220777216,1.4255847500108951
8.69,0.09000458251275407,1.0906356192945612,1.0943431266962507,1.4884580181370104
8.700000000000001,0.021300088280874596,1.0941358211179388,1.0943431312043765,1.5513312862694772
8.71,-0.04748857905394531,1.0933122762068703,1.0943431356047384,1.6142045544081436
8.72,-0.11608958414369769,1.0881682389682865,1.0943431398999122,1.6770778225528613
8.73,-0.18423183323230713,1.0787240372986642,1.0943431440924125,1.7399510907034856
8.74,-0.25164604544941427,1.0650169922533899,1.0943431481846932,1.8028243588598754
8.75,-0.31806581694009456,1.0471012705634686,1.0943431521791507,1.865697627021893
8.76,-0.38322867362534063,1.0250476705823925,1.094343156078123,1.9285708951894036
8.77,-0.44687710843306705,0.9989433425090554,1.0943431598838926,1.9914441633622761
8.78,-0.5087595989007621,0.9688914439923183,1.0943431635986876,2.0543174315403823
8.790000000000001,-0.5686316011284803,0.9350107324781949,1.0943431672246826,2.1171906997235967
8.8,-0.6262565161543254,0.8974350959105919,1.0943431707640003,2.180063967911798
8.81,-0.6814066249335518,0.8563130236401604,1.0943431742187129,2.2429372361048663
8.82,-0.733863988226486,0.8118070196320908,1.0943431775908423,2.305810504302686
8.83,-0.783421307839139,0.7640929602917053,1.094343180882363,2.3686837725051424
8.84,-0.8298827458131038,0.7133593994455589,1.094343184095202,2.4315570407121254
8.85,-0.8730646983275097,0.6598068232245883,1.09434318723124,2.4944303089235267
8.86,-0.9127965212547674,0.6036468577938195,1.0943431902923126,2.557303577139241
8.870000000000001,-0.9489212045028946,0.5451014330594881,1.0943431932802121,2.6201768453591643
8.88,-0.9812959924795909,0.4844019056583873,1.0943431961966879,2.683050113583197
8.89,-1.0097929482261458,0.42178814469516945,1.0943431990434467,2.7459233818112403
8.9,-1.034299458991868,0.3575075838405339,1.0943432018221555,2.808796650043198
8.91,-1.05471868125113,0.29181424353616925,1.094343204534441,2.8716699182789776
8.92,-1.070969923404439,0.22496772717044847,1.094343207181891,2.9345431865184866
8.93,-1.0829889646511919,0.1572321951917352,1.0943432097660553,2.9974164547616367
8.94,-1.0907283087740138,0.08887532121334574,1.0943432122884467,3.0602897230083403
8.950000000000001,-1.0941573718317879,0.02016723423537453,1.0943432147505414,3.123162991258513
8.96,-1.0932626030196595,-0.04862054883654529,1.0943432171537815,-3.097149047667515
8.97,-1.088047538218411,-0.11721619615713193,1.0943432194995735,-3.034275779410652
8.98,-1.0785327860215888,-0.18534863515190622,1.0943432217892906,-2.9714025111505626
8.99,-1.0647559462956049,-0.25274862372719725,1.0943432240242736,-2.9085292428873246
9.0,-1.0467714615946389,-0.31914981424655237,1.0943432262058304,-2.845655974621013
9.01,-1.0246504020175138,-0.3842898060689866,1.0943432283352386,-2.7827827063517017
9.02,-0.9984801843567357,-0.44791118248970796,1.0943432304137442,-2.719909438079462
9.03,-0.9683642266495495,-0.5097625279855915,1.0943432324425646,-2.6570361698043636
9.040000000000001,-0.9344215394961367,-0.569599421745507,1.0943432344228872,-2.594162901526475
9.05,-0.8967862557599637,-0.6271854035593202,1.0943432363558714,-2.5312896332458634
9.06,-0.8556071005087835,-0.6822929082486192,1.0943432382426486,-2.468416364962594
9.07,-0.8110468032909511,-0.7347041649465346,1.0943432400843236,-2.405543096676729
9.08,-0.763281455069587,-0.7842120576729253,1.0943432418819743,-2.342669828388332
9.09,-0.7124998123558214,-0.8306209438041585,1.0943432436366534,-2.279796560097463
9.1,-0.6589025512910088,-0.8737474272030962,1.0943432453493878,-2.2169232918041804
9.11,-0.6027014746255903,-0.9134210829540771,1.0943432470211802,-2.154050023508543
9.120000000000001,-0.5441186747284212,-0.9494851308389244,1.0943432486530096,-2.091176755210606
9.13,-0.48338565593414035,-0.9817970548925732,1.094343250245831,-2.0283034869104255
9.14,-0.4207424196968396,-1.0102291665899918,1.0943432518005771,-1.9654302186080541
9.15,-0.35643651616527583,-1.0346691094388245,1.0943432533181576,-1.9025569503035449
9.16,-0.29072206592755756,-1.0550203029837348,1.0943432547994614,-1.8396836819969486
9.17,-0.22385875579112452,-1.0712023244678557,1.0943432562453552,-1.7768104136883154
9.18,-0.1561108125664416,-1.0831512266431191,1.0943432576566863,-1.7139371453776937
9.19,-0.08774595890975385,-1.090819790473558,1.0943432590342799,-1.6510638770651311
9.200000000000001,-0.01903435535114688,-1.0941777117329623,1.0943432603789431,-1.588190608750674
9.21,0.04975246731125102,-1.0932117207595025,1.0943432616914628,-1.5253173404343678
9.22,0.1183426810320179,-1.0879256348940802,1.0943432629726075,-1.4624440721162568
9.23,0.18646523471383297,-1.0783403433951844,1.0943432642231272,-1.3995708037963839
9.24,0.2538509253325699,-1.0644937248898634,1.094343265443754,-1.3366975354747912
9.25,0.32023346175927375,-1.046440497687029,1.094343266635202,-1.2738242671515199
9.26,0.38535051707506796,-1.0242520035446132,1.0943432677981697,-1.21095099882661
9.27,0.4489447652205099,-0.9980159257450772,1.094343268933337,-1.148077730500101
9.28,0.5107648978828198,-0.9678359425933662,1.094343270041369,-1.085204462172031
9.290000000000001,0.5705666176025029,-0.933831317706597,1.0943432711229142,-1.022331193842437
9.3,0.6281136031748615,-0.8961364287145515,1.0943432721786057,-0.9594579255113559
9.31,0.6831784435313718,-0.8549002362334301,1.0943432732090614,-0.896584657178823
9.32,0.7355435364104673,-0.8102856952113482,1.0943432742148846,-0.833711388844873
9.33,0.7850019482664081,-0.7624691109717859,1.0943432751966642,-0.7708381205095397
9.34,0.831358232018095,-0.7116394424997474,1.0943432761549752,-0.7079648521728563
9.35,0.8744291994062929,-0.6579975557238624,1.094343277090378,-0.645091583834855
9.36,0.9140446449071046,-0.6017554297452722,1.0943432780034208,-0.5822183154955674
9.370000000000001,0.9500480183409714,-0.5431353191500804,1.0943432788946375,-0.5193450471550242
9.38,0.9822970435192233,-0.4823688757156977,1.0943432797645505,-0.4564717788132554
9.39,1.010664280483441,-0.4196962329818734,1.0943432806136684,-0.3935985104702903
9.4,1.0350376291158063,-0.3553650573039573,1.0943432814424887,-0.3307252421261575
9.41,1.0553207721302993,-0.28962956913838733,1.0943432822514967,-0.267851973780885
9.42,1.0714335556941523,-0.22274953842803547,1.0943432830411657,-0.20497870543449984
9.43,1.0833123061754442,-0.1549892580573925,1.0943432838119582,-0.14210543708702875
9.44,1.0909100817651265,-0.08661649943423701,1.0943432845643255,-0.07923216873849767
9.450000000000001,1.0941968579791372,-0.017901454325063695,1.0943432852987076,-0.016358900388931962
9.46,1.0931596463075435,0.05088433287413072,1.0943432860155349,0.04651436796164367
9.47,1.0878025455418419,0.11946903821230981,1.094343286715227,0.10938763631320508
9.48,1.0781467255775858,0.18758163236259023,1.094343287398193,0.17226090466572874
9.49,1.0642303437563463,0.25495295166128157,1.0943432880648334,0.23513417301919157
9.5,1.046108394077601,0.32131676177429935,1.094343288715538,0.29800744137357116
9.51,1.0238524898764303,0.38641080978761155,1.094343289350688,0.36088070972884556
9.52,0.9975505808258197,0.4499778605641246,1.0943432899706549,0.4237539780849935
9.53,0.9673066053819074,0.5117667132715895,1.0943432905758022,0.48662724644199395
9.540000000000001,0.9332400800456211,0.5715331940644688,1.0943432911664834,0.5495005147998266
9.55,0.895485627063841,0.6290411209969368,1.0943432917430451,0.6123737831584716
9.56,0.8541924424364928,0.6840632373539229,1.0943432923058243,0.6752470515179094
9.57,0.8095237063318705,0.7363821097119111,1.0943432928551504,0.7381203198781212
9.58,0.7616559382400802,0.7857909871805857,1.0943432933913453,0.8009935882390884
9.59,0.7107782994128721,0.832094618429822,1.0943432939147228,0.863866856600793
9.6,0.6570918453464437,0.8751100232733353,1.0943432944255893,0.9267401249632173
9.61,0.6008087312612106,0.9146672157598877,1.0943432949242438,0.9896133933263441
9.620000000000001,0.542151373718287,0.9506098759145805,1.0943432954109784,1.0524866616901567
9.63,0.48135157168575615,0.9827959674756789,1.0943432958860777,1.1153599300546386
9.64,0.41864959052805145,1.0110982991858333,1.09434329634982,1.1782331984197738
9.65,0.3542932125382911,1.0354050274196138,1.0943432968024769,1.241106466785547
9.66,0.2885367577656204,1.0556200981611041,1.0943432972443132,1.3039797351519424
9.67,0.2216400790070031,1.0716636265849697,1.0943432976755878,1.3668530035189455
9.68,0.15386753493500022,1.0834722127409948,1.094343298096553,1.4297262718865418
9.69,0.08548694541947222,1.0909991920945796,1.0943432985074553,1.492599540254717
9.700000000000001,0.01676853317151003,1.0942148199331296,1.094343298908535,1.555472808623457
9.71,-0.0520161441080525,1.0931063889096064,1.0943432993000275,1.618346076992749
9.72,-0.12059526685566611,1.087678279258739,1.0943432996821612,1.681219345362579
9.73,-0.18869782780690858,1.0779519414874548,1.0943433000551603,1.7440926137329347
9.74,-0.25605470294832744,1.0639658116079322,1.0943433004192433,1.8069658821038033
9.75,-0.32239971502715326,1.0457751592482523,1.094343300774623,1.8698391504751726
9.76,-0.38747068541616364,1.0234518692408778,1.0943433011215076,1.9327124188470306
9.77,-0.45101047017699514,0.997084157552068,1.0943433014601,1.9955856872193656
9.78,-0.5127679762276439,0.9667762226748007,1.0943433017905988,2.058458955592166
9.790000000000001,-0.5724991535985198,0.9326478338628114,1.094343302113197,2.1213322239654215
9.8,-0.62996795985591,0.8948338578329424,1.0943433024280838,2.18420549233912
9.81,-0.6849472928816956,0.8534837258061541,1.094343302735443,2.247078760713252
9.82,-0.7372198883232128,0.8087608429933166,1.0943433030354555,2.3099520290878064
9.83,-0.7865791781667647,0.7608419428593458,1.094343303328296,2.3728252974627737
9.84,-0.8328301070419202,0.7099163887174644,1.0943433036141366,2.4356985658381434
9.85,-0.8757899030307718,0.6561854254135137,1.0943433038931443,2.498571834213906
9.86,-0.9152887999361109,0.5998613840574664,1.0943433041654822,2.561445102590053
9.870000000000001,-0.9511707081542996,0.5411668429448423,1.0943433044313102,2.624318370966574
9.88,-0.9832938315017202,0.48033374798384965,1.0943433046907838,2.6871916393434607
9.89,-1.0115312275572614,0.41760249610410194,1.094343304944055,2.750064907720704
9.9,-1.0357713093065095,0.353220985269046,1.0943433051912717,2.812938176098296
9.91,-1.0559182861052747,0.28744363484621055,1.0943433054325789,2.8758114444762275
9.92,-1.0718925422198764,0.22053038020652294,1.0943433056681175,2.9386847128544913
9.93,-1.083630951448293,0.15274564552578235,1.094343305898026,3.001557981233079
9.94,-1.0910871265788722,0.0843572988475169,1.0943433061224386,3.064431249611982
9.950000000000001,-1.094231602700807,0.015635593536550613,1.0943433063414867,3.1273045179911945
9.96,-1.0930519536419767,-0.053147899693613096,1.0943433065552988,-3.0930075208088783
9.97,-1.0875528410740247,-0.12172136595923515,1.0943433067639994,-3.030134252429071
9.98,-1.0777559960906202,-0.1898138203496832,1.0943433069677115,-2.9672609840489765
9.99,-1.0637001333317002,-0.25715617879093133,1.0943433071665538,-2.9043877156686015
