time,x,y,radius,mu,omega
0.0,-0.03420711384109149,-0.01398522794274367,0.036955557605695674,4.0,6.283185307179586
0.01,-0.03469621343637906,-0.0166937424132177,0.03850335391341427,4.0,6.283185307179586
0.02,-0.035034648829077523,-0.019541272008418036,0.04011593112821595,4.0,6.283185307179586
0.03,-0.03520765664219668,-0.022523900321073466,0.04179599468739163,4.0,6.283185307179586
0.04,-0.035200129467932294,-0.02563662517188152,0.043546362244884985,4.0,6.283185307179586
0.05,-0.03499667048558414,-0.02887329339794603,0.04536996822481178,4.0,6.283185307179586
0.06,-0.03458165439315892,-0.0322265364541231,0.04726986854643043,4.0,6.283185307179586
0.07,-0.03393929485890516,-0.03568770725732523,0.04924924552522861,4.0,6.283185307179586
0.08,-0.033053718680813034,-0.03924681873443037,0.05131141295465916,4.0,6.283185307179586
0.09,-0.03190904682128737,-0.0428924845652137,0.0534598213728797,4.0,6.283185307179586
0.1,-0.03048948246065134,-0.04661186264252296,0.0556980635186161,4.0,6.283185307179586
0.11,-0.02877940618674726,-0.05039060180260056,0.058029879979972714,4.0,6.283185307179586
0.12,-0.026763478408559138,-0.054212792408851886,0.060459165039642083,4.0,6.283185307179586
0.13,-0.024426749049383575,-0.05806092140229504,0.06298997271951341,4.0,6.283185307179586
0.14,-0.021754774539519166,-0.06191583246121386,0.06562652302712993,4.0,6.283185307179586
0.15,-0.018733742089633104,-0.06575669194097593,0.06837320840578787,4.0,6.283185307179586
0.16,-0.015350601183805834,-0.06956096129235924,0.07123460038928668,4.0,6.283185307179586
0.17,-0.011593202185664474,-0.07330437668283438,0.07421545646141757,4.0,6.283185307179586
0.18,-0.007450441901913328,-0.07696093656983853,0.07732072711919162,4.0,6.283185307179586
0.19,-0.002912415894881135,-0.08050289799790968,0.08055556313754256,4.0,6.283185307179586
0.2,0.0020294227206379654,-0.08390078241236466,0.08392532303176438,4.0,6.283185307179586
0.21,0.007382098321031462,-0.08712339180073587,0.08743558071223584,4.0,6.283185307179586
0.22,0.013150942046615665,-0.09013783598914346,0.09109213332400977,4.0,6.283185307179586
0.23,0.019339415759747774,-0.0929095719338797,0.09490100926157292,4.0,6.283185307179586
0.24,0.02594893121608703,-0.0954024558584082,0.09886847634647124,4.0,6.283185307179586
0.25,0.032978665052215764,-0.09757880909240887,0.1030010501525058,4.0,6.283185307179586
0.26,0.04042537027220048,-0.09939949847208913,0.10730550245978704,4.0,6.283185307179586
0.27,0.04828318499901771,-0.10082403215937215,0.11178886981503784,4.0,6.283185307179586
0.28,0.05654343934411777,-0.10181067173138536,0.11645846217110131,4.0,6.283185307179586
0.29,0.06519446133977944,-0.1023165613805031,0.12132187157357183,4.0,6.283185307179586
0.3,0.07422138297434455,-0.10229787504861619,0.1263869808567584,4.0,6.283185307179586
0.31,0.08360594746993827,-0.10170998229684855,0.13166197230472937,4.0,6.283185307179586
0.32,0.09332631904590069,-0.10050763368311903,0.1371553362258913,4.0,6.283185307179586
0.33,0.10335689651890217,-0.09864516638421682,0.14287587938133178,4.0,6.283185307179586
0.34,0.11366813220260674,-0.09607673075583328,0.14883273319790297,4.0,6.283185307179586
0.35000000000000003,0.12422635768580426,-0.09275653847262491,0.1550353616866324,4.0,6.283185307179586
0.36,0.1349936181881634,-0.08863913283015747,0.16149356897540515,4.0,6.283185307179586
0.37,0.1459275173171658,-0.08367968172070635,0.16821750635183735,4.0,6.283185307179586
0.38,0.15698107417835397,-0.0778342937144763,0.17521767869773083,4.0,6.283185307179586
0.39,0.16810259492372676,-0.07106035758586032,0.18250495018031948,4.0,6.283185307179586
0.4,0.17923556095987264,-0.06331690551976389,0.1900905490475498,4.0,6.283185307179586
0.41000000000000003,0.1903185361781284,-0.054565000114513894,0.19798607135473564,4.0,6.283185307179586
0.42,0.20128509571350103,-0.044768145164025726,0.20620348342794928,4.0,6.283185307179586
0.43,0.21206377888701705,-0.03389272005110377,0.21475512284530993,4.0,6.283185307179586
0.44,0.2225780691371696,-0.021908437414178986,0.22365369769078633,4.0,6.283185307179586
0.45,0.23274640389966,-0.008788823559387045,0.23291228380611811,4.0,6.283185307179586
0.46,0.24248221754991253,0.0054882791236509215,0.24254431973489343,4.0,6.283185307179586
0.47000000000000003,0.25169402067884805,0.020940188723256828,0.2525635990186432,4.0,6.283185307179586
0.48,0.26028551912776876,0.037578840593144126,0.26298425946800885,4.0,6.283185307179586
0.49,0.2681557763611434,0.05541022591442655,0.2738207689926667,4.0,6.283185307179586
0.5,0.27519942290428423,0.07443381391581669,0.28508790753187957,4.0,6.283185307179586
0.51,0.2813069167134213,0.09464196000993982,0.2968007445835249,4.0,6.283185307179586
0.52,0.28636485847478205,0.11601930252133798,0.30897461178358926,4.0,6.283185307179586
0.53,0.29025636594230503,0.13854215114714954,0.3216250699409375,4.0,6.283185307179586
0.54,0.2928615115147712,0.1621778708092211,0.3347678698843855,4.0,6.283185307179586
0.55,0.294057827315319,0.18688426513123085,0.34841890643167767,4.0,6.283185307179586
0.56,0.293720882060866,0.21260896441091018,0.36259416474412937,4.0,6.283185307179586
0.5700000000000001,0.29172493398546046,0.23928882366001664,0.3773096582880112,4.0,6.283185307179586
0.58,0.2879436639975667,0.26684933705717473,0.39258135758616614,4.0,6.283185307179586
0.59,0.282250993092009,0.29520407600401755,0.40842510891326345,4.0,6.283185307179586
0.6,0.27452198778550224,0.3242541588948459,0.42485654206838736,4.0,6.283185307179586
0.61,0.26463385698041864,0.35388776170398295,0.44189096635277314,4.0,6.283185307179586
0.62,0.25246704316184454,0.3839796795602644,0.4595432538924797,4.0,6.283185307179586
0.63,0.2379064101723339,0.4143909506083552,0.47782770948029274,4.0,6.283185307179586
0.64,0.22084252895850504,0.4449685546411242,0.49675792617350284,4.0,6.283185307179586
0.65,0.20117306161264512,0.4755452002099024,0.5163466259803401,4.0,6.283185307179586
0.66,0.17880424270765255,0.5059392151570762,0.5366054851042946,4.0,6.283185307179586
0.67,0.1536524553106665,0.5359545567369489,0.5575449433992705,4.0,6.283185307179586
0.68,0.1256458971254004,0.5653809586553444,0.5791739979267742,4.0,6.283185307179586
0.6900000000000001,0.09472632992315637,0.5939942334142113,0.6014999808063565,4.0,6.283185307179586
0.7000000000000001,0.06085090274957474,0.6215567492303321,0.6245283219192034,4.0,6.283185307179586
0.71,0.02399403631735049,0.6478181014295533,0.6482622974680768,4.0,6.283185307179586
0.72,-0.015850647495724506,0.6725159985081219,0.6727027659192506,4.0,6.283185307179586
0.73,-0.058668371023854735,0.6953773828951849,0.6978478934558371,4.0,6.283185307179586
0.74,-0.10442124532924293,0.7161198057268643,0.7236928717559624,4.0,6.283185307179586
0.75,-0.1530463427361654,0.7344530735236265,0.7502296316683429,4.0,6.283185307179586
0.76,-0.2044538311264788,0.7500811824134755,0.777446557181323,4.0,6.283185307179586
0.77,-0.2585252087319562,0.7627045523278615,0.8053282049522077,4.0,6.283185307179586
0.78,-0.315111683114938,0.7720225692868584,0.8338550355570272,4.0,6.283185307179586
0.79,-0.37403274273847786,0.7777364383752879,0.8630031635035565,4.0,6.283185307179586
0.8,-0.435074973731829,0.7795523432136929,0.8927441338803134,4.0,6.283185307179586
0.81,-0.4979911778516549,0.7771848996157716,0.9230447342403594,4.0,6.283185307179586
0.8200000000000001,-0.5624998498783073,0.7703608817288896,0.9538668508818359,4.0,6.283185307179586
0.8300000000000001,-0.6282850733955753,0.7588231883890527,0.9851673790217637,4.0,6.283185307179586
0.84,-0.6949968926960628,0.7423350058953496,1.0168981963966852,4.0,6.283185307179586
0.85,-0.7622522150606894,0.7206841112400476,1.0490062094948651,4.0,6.283185307179586
0.86,-0.8296362915518241,0.6936872474548325,1.081433480867559,4.0,6.283185307179586
0.87,-0.8967048154877504,0.6611944907027641,1.1141174447313031,4.0,6.283185307179586
0.88,-0.9629866658039359,0.6230935177154634,1.1469912163287093,4.0,6.283185307179586
0.89,-1.0279873075856483,0.5793136728819643,1.1799839982581042,4.0,6.283185307179586
0.9,-1.091192844402888,0.5298297275173164,1.213021584242069,4.0,6.283185307179586
0.91,-1.152074697138235,0.47466522034284186,1.2460269576495022,4.0,6.283185307179586
0.92,-1.2100948624471735,0.4138952686897276,1.2789209786240843,4.0,6.283185307179586
0.93,-1.2647116817256923,0.3476487449431221,1.3116231500526196,4.0,6.283185307179586
0.9400000000000001,-1.3153860295661706,0.2761097226100352,1.3440524490129264,4.0,6.283185307179586
0.9500000000000001,-1.3615878103743506,0.19951811117781815,1.3761282069807241,4.0,6.283185307179586
0.96,-1.4028026343611428,0.11816941836265772,1.4077710191670842,4.0,6.283185307179586
0.97,-1.438538530726973,0.03241360181450527,1.4389036611144983,4.0,6.283185307179586
0.98,-1.4683325475800018,-0.05734700110528042,1.4694519892866684,4.0,6.283185307179586
0.99,-1.491757085767181,-0.15066064846753485,1.4993458019860697,4.0,6.283185307179586
1.0,-1.5084258177912282,-0.24703002805957078,1.5285196376043875,4.0,6.283185307179586
1.01,-1.5179990533659313,-0.34591687742997546,1.5569134889616598,4.0,6.283185307179586
1.02,-1.5201884295172092,-0.4467472914276351,1.5844734152506086,4.0,6.283185307179586
1.03,-1.5147608246388706,-0.5489175981835925,1.611152036729084,4.0,6.283185307179586
1.04,-1.5015414213722278,-0.6518006689177233,1.6369089015880272,4.0,6.283185307179586
1.05,-1.480415871149273,-0.7547525173576772,1.6617107191110045,4.0,6.283185307179586
1.06,-1.4513315421344082,-0.8571190412673543,1.6855314580562737,4.0,6.283185307179586
1.07,-1.4142978605313967,-0.958242761492542,1.7083523138558214,4.0,6.283185307179586
1.08,-1.3693857813287076,-1.0574694225306362,1.7301615524836147,4.0,6.283185307179586
1.09,-1.316726447313188,-1.154154332066323,1.7509542424864992,4.0,6.283185307179586
1.1,-1.2565091136811812,-1.2476683340848038,1.770731889542236,4.0,6.283185307179586
1.11,-1.1889784292695635,-1.3374033298391839,1.7895019899215692,4.0,6.283185307179586
1.12,-1.1144311741331216,-1.4227772818418971,1.8072775203618134,4.0,6.283185307179586
1.1300000000000001,-1.033212557061326,-1.5032386569770457,1.824076382145045,4.0,6.283185307179586
1.1400000000000001,-0.9457121760892507,-1.5782702847500507,1.839920816700673,4.0,6.283185307179586
1.1500000000000001,-0.85235974075451,-1.647392624770306,1.8548368089421488,4.0,6.283185307179586
1.16,-0.7536206475540659,-1.7101664532058392,1.8688534929443905,4.0,6.283185307179586
1.17,-0.6499914905835598,-1.7661949908007795,1.8820025726233223,4.0,6.283185307179586
1.18,-0.5419955785048076,-1.8151255049740704,1.8943177679381396,4.0,6.283185307179586
1.19,-0.4301785175241737,-1.856650425579203,1.9058342949329912,4.0,6.283185307179586
1.2,-0.31510390861127124,-1.890508018307023,1.9165883857795987,4.0,6.283185307179586
1.21,-0.19734919625432185,-1.916482661769407,1.9266168529640184,4.0,6.283185307179586
1.22,-0.07750169601435947,-1.9344047743860522,1.9359566999426034,4.0,6.283185307179586
1.23,0.04384518074271472,-1.9441504357103607,1.9446447790141896,4.0,6.283185307179586
1.24,0.16609549415125974,-1.9456407441687795,1.9527174958367617,4.0,6.283185307179586
1.25,0.2886541306657874,-1.9388409497184922,1.9602105589593497,4.0,6.283185307179586
1.26,0.4109299458375165,-1.9237593959756574,1.9671587719324157,4.0,6.283185307179586
1.27,0.5323386992442216,-1.9004463022037736,1.973595864981741,4.0,6.283185307179586
1.28,0.6523057884405996,-1.8689924113986658,1.9795543628551633,4.0,6.283185307179586
1.29,0.7702687905289598,-1.82952752672998,1.9850654852487017,4.0,6.283185307179586
1.3,0.8856798208984115,-1.782218954917837,1.9901590761582526,4.0,6.283185307179586
1.31,0.9980077189963684,-1.7272698718144397,1.994863558555874,4.0,6.283185307179586
1.32,1.1067400708212465,-1.664917622565992,1.99920591092869,4.0,6.283185307179586
1.33,1.211385077287904,-1.5954319662644358,2.0032116624196816,4.0,6.283185307179586
1.34,1.3114732768294868,-1.5191132729541221,2.0069049035525466,4.0,6.283185307179586
1.35,1.4065591296554214,-1.4362906792132157,2.010308309790261,4.0,6.283185307179586
1.36,1.4962224700629403,-1.3473202072506656,2.0134431754552256,4.0,6.283185307179586
1.37,1.5800698321603897,-1.2525828515081823,2.016329455817112,4.0,6.283185307179586
1.3800000000000001,1.657735653352095,-1.1524826360911709,2.018985815424752,4.0,6.283185307179586
1.3900000000000001,1.7288833589916495,-1.0474446459309181,2.0214296810147996,4.0,6.283185307179586
1.4000000000000001,1.7932063307575337,-0.9379130343618493,2.0236772975686486,4.0,6.283185307179586
1.41,1.850428760557593,-0.8243490097442346,2.025743786307886,4.0,6.283185307179586
1.42,1.900306391135685,-0.7072288038395439,2.0276432036163174,4.0,6.283185307179586
1.43,1.942627144037836,-0.5870416248215878,2.029388600053171,4.0,6.283185307179586
1.44,1.9772116351953626,-0.46428759805435016,2.030992078778004,4.0,6.283185307179586
1.45,2.0039135780943633,-0.3394756980634088,2.0324648528441007,4.0,6.283185307179586
1.46,2.022620074318311,-0.213121675452025,2.0338173009350884,4.0,6.283185307179586
1.47,2.0332517911652577,-0.08574598284855298,2.0350590212206114,4.0,6.283185307179586
1.48,2.0357630260445903,0.042128295695058715,2.0361988830928075,4.0,6.283185307179586
1.49,2.030141657441112,0.1699775071144844,2.037245076617588,4.0,6.283185307179586
1.5,2.0164089823871163,0.2972794785180022,2.0382051595949267,4.0,6.283185307179586
1.51,1.9946194405968678,0.4235155478421593,2.0390861021720013,4.0,6.283185307179586
1.52,1.9648602256836551,0.5481725704428587,2.0398943289934297,4.0,6.283185307179586
1.53,1.9272507841888116,0.6707448958932327,2.0406357589053497,4.0,6.283185307179586
1.54,1.881942203496964,0.7907363091077805,2.041315842255775,4.0,6.283185307179586
1.55,1.8291164900847718,0.9076619298035169,2.0419395958535795,4.0,6.283185307179586
1.56,1.7689857399447653,1.0210500642441545,2.0425116356635327,4.0,6.283185307179586
1.57,1.701791203435261,1.1304440031927776,2.0430362073257897,4.0,6.283185307179586
1.58,1.627802247225963,1.235403760021689,2.04351721459586,4.0,6.283185307179586
1.59,1.5473152164314996,1.3355077429942543,2.043958245805933,4.0,6.283185307179586
1.6,1.4606522004470184,1.4303543558414373,2.0443625984509914,4.0,6.283185307179586
1.61,1.3681597064167565,1.5195635209038008,2.0447333020039413,4.0,6.283185307179586
1.62,1.2702072446743071,1.6027781192962998,2.0450731390632657,4.0,6.283185307179586
1.6300000000000001,1.1671858308886145,1.6796653427762878,2.0453846649349186,4.0,6.283185307179586
1.6400000000000001,1.0595064100293983,1.749917952252708,2.0456702257474673,4.0,6.283185307179586
1.6500000000000001,0.94759820762692,1.8132554381642738,2.045931975196161,4.0,6.283185307179586
1.6600000000000001,0.831907014141247,1.8694250782742432,2.0461718900077934,4.0,6.283185307179586
1.67,0.7128934085732448,1.918202888776835,2.0463917842141015,4.0,6.283185307179586
1.68,0.5910309277414636,1.9593944649830088,2.04659332231711,4.0,6.283185307179586
1.69,0.4668041879141979,1.9928357082487858,2.046778031425409,4.0,6.283185307179586
1.7,0.34070696572281434,2.018393436225085,2.0469473124358997,4.0,6.283185307179586
1.71,0.21324024548971568,2.0359658739417004,2.0471024503311273,4.0,6.283185307179586
1.72,0.08491024028100277,2.0454830236870682,2.047244623657996,4.0,6.283185307179586
1.73,-0.04377360586083637,2.046906912107426,2.047374913249456,4.0,6.283185307179586
1.74,-0.17230062693569445,2.040231713421333,2.047494310246693,4.0,6.283185307179586
1.75,-0.30016094760692624,2.025483748125936,2.0476037234754623,4.0,6.283185307179586
1.76,-0.42684749172784164,2.00272135705733,2.0477039862265016,4.0,6.283185307179586
1.77,-0.5518579790619638,1.972034651156566,2.047795862486433,4.0,6.283185307179586
1.78,-0.6746969025036624,1.9335451377828892,2.0478800526622374,4.0,6.283185307179586
1.79,-0.7948774781568738,1.8874052249043962,2.047957198839235,4.0,6.283185307179586
1.8,-0.9119235607132479,1.833797604981177,2.0480278896095703,4.0,6.283185307179586
1.81,-1.0253715166867878,1.7729345208349743,2.0480926645054183,4.0,6.283185307179586
1.82,-1.1347720482092758,1.7050569162703086,2.0481520180685537,4.0,6.283185307179586
1.83,-1.239691960268807,1.6304334746727744,2.0482064035855014,4.0,6.283185307179586
1.84,-1.339715864481753,1.5493595492588192,2.048256236515242,4.0,6.283185307179586
1.85,-1.4344478127254845,1.4621559890858282,2.048301897634351,4.0,6.283185307179586
1.86,-1.5235128542241507,1.3691678653498844,2.0483437359225083,4.0,6.283185307179586
1.87,-1.6065585099715616,1.2707631028993962,2.048382071209506,4.0,6.283185307179586
1.8800000000000001,-1.6832561586924673,1.1673310222741777,2.0484171966032205,4.0,6.283185307179586
1.8900000000000001,-1.7533023288849319,1.0592807979399539,2.048449380716456,4.0,6.283185307179586
1.9000000000000001,-1.816419891850566,0.9470398387261397,2.0484788697091445,4.0,6.283185307179586
1.9100000000000001,-1.8723591510045994,0.8310520967887143,2.0485058891610692,4.0,6.283185307179586
1.92,-1.9208988231624973,0.711776311708796,2.048530645789036,4.0,6.283185307179586
1.93,-1.9618469079223855,0.5896841965999465,2.048553329021324,4.0,6.283185307179586
1.94,-1.99504144170116,0.46525857333221476,2.0485741124411803,4.0,6.283185307179586
1.95,-2.0203511334350397,0.3389914641875418,2.0485931551101753,4.0,6.283185307179586
1.96,-2.037675879420592,0.21138214743854633,2.0486106027813618,4.0,6.283185307179586
1.97,-2.046947155248001,0.08293518449018972,2.0486265890113566,4.0,6.283185307179586
1.98,-2.0481282832626584,-0.045841573659204465,2.048641236179726,4.0,6.283185307179586
1.99,-2.0412145744820047,-0.17443899279509023,2.0486546564233605,4.0,6.283185307179586
2.0,-2.026233344390005,-0.30234866680480177,2.0486669524928995,4.0,6.283185307179586
2.0100000000000002,-2.003243802529649,-0.42906492601622415,2.0486782185376877,4.0,6.283185307179586
2.02,-1.9723368163124462,-0.5540868346450285,2.0486885408251942,4.0,6.283185307179586
2.0300000000000002,-1.9336345499610192,-0.6769201694784109,2.048697998400358,4.0,6.283185307179586
2.04,-1.8872899799945788,-0.7970793719945932,2.0487066636898588,4.0,6.283185307179586
2.05,-1.8334862891553263,-0.914089466219748,2.048714603055895,4.0,6.283185307179586
2.06,-1.772436141154699,-1.0274879347570796,2.0487218773036835,4.0,6.283185307179586
2.07,-1.704380839089937,-1.1368265455859845,2.0487285421465384,4.0,6.283185307179586
2.08,-1.6295893708418263,-1.2416731224218762,2.048734648632065,4.0,6.283185307179586
2.09,-1.5483573452117996,-1.341613251648606,2.0487402435327122,4.0,6.283185307179586
2.1,-1.4610058229891179,-1.4362519190845668,2.048745369703666,4.0,6.283185307179586
2.11,-1.3678800475548214,-1.525215070119515,2.0487500664108,4.0,6.283185307179586
2.12,-1.2693480800269448,-1.6081510870607982,2.0487543696311956,4.0,6.283185307179586
2.13,-1.1657993443294954,-1.6847321778538256,2.0487583123285127,4.0,6.283185307179586
2.14,-1.057643087924437,-1.7546556706909502,2.0487619247053197,4.0,6.283185307179586
2.15,-0.9453067642799553,-1.8176452093940723,2.0487652344343066,4.0,6.283185307179586
2.16,-0.8292343434583082,-1.8734518448477306,2.0487682668701446,4.0,6.283185307179586
2.17,-0.7098845574913252,-1.9218550181696736,2.048771045243614,4.0,6.283185307179586
2.18,-0.5877290874700167,-1.9626634317332552,2.0487735908394797,4.0,6.283185307179586
2.19,-0.463250699505735,-1.9957158045987946,2.048775923159477,4.0,6.283185307179586
2.2,-0.33694133692299877,-2.0208815093675074,2.04877806007165,4.0,6.283185307179586
2.21,-0.20930017621764202,-2.0380610879399423,2.0487800179471876,4.0,6.283185307179586
2.22,-0.08083165445768631,-2.047186644139206,2.048781811785801,4.0,6.283185307179586
2.23,0.04795652408229498,-2.048222111645696,2.048783455330604,4.0,6.283185307179586
2.24,0.1765553941800099,-2.041163396182702,2.0487849611733684,4.0,6.283185307179586
2.25,0.3044567408927715,-2.0260383913890827,2.0487863408509708,4.0,6.283185307179586
2.2600000000000002,0.43115510780856,-2.002906868314349,2.048787604933758,4.0,6.283185307179586
2.27,0.5561497943874542,-1.9718602389708835,2.0487887631065136,4.0,6.283185307179586
2.2800000000000002,0.6789468345028296,-1.933021194875726,2.0487898242426414,4.0,6.283185307179586
2.29,0.7990609483656973,-1.8865432220084029,2.048790796472137,4.0,6.283185307179586
2.3000000000000003,0.9160174601204537,-1.8326099940996838,2.0487916872438667,4.0,6.283185307179586
2.31,1.0293541735357083,-1.7714346466470252,2.0487925033826273,4.0,6.283185307179586
2.32,1.1386231983792219,-1.7032589345238534,2.0487932511414275,4.0,6.283185307179586
2.33,1.2433927202606563,-1.6283522765099339,2.048793936249392,4.0,6.283185307179586
2.34,1.3432487069490564,-1.5470106905170082,2.04879456395565,4.0,6.283185307179586
2.35,1.4377965444228447,-1.4595556237159075,2.048795139069547,4.0,6.283185307179586
2.36,1.5266625961876479,-1.36633268218677,2.048795665997491,4.0,6.283185307179586
2.37,1.609495679700367,-1.2677102651111292,2.0487961487767095,4.0,6.283185307179586
2.38,1.6859684540653608,-1.1640781089019567,2.0487965911061785,4.0,6.283185307179586
2.39,1.755778713519149,-1.055845747023739,2.048796996374964,4.0,6.283185307179586
2.4,1.8186505815922502,-0.9434408915879143,2.0487973676881834,4.0,6.283185307179586
2.41,1.8743356012291998,-0.827307743118213,2.0487977078907953,4.0,6.283185307179586
2.42,1.9226137165588715,-0.7079052351643725,2.0487980195893987,4.0,6.283185307179586
2.43,1.963294142435351,-0.5857052207002429,2.0487983051722005,4.0,6.283185307179586
2.44,1.9962161183130631,-0.46119060747242097,2.048798566827313,4.0,6.283185307179586
2.45,2.0212495434769036,-0.3348534496673595,2.048798806559522,4.0,6.283185307179586
2.46,2.0382954911169513,-0.2071930034375801,2.04879902620564,4.0,6.283185307179586
2.47,2.047286599216092,-0.07871375397049885,2.048799227448585,4.0,6.283185307179586
2.48,2.048187336705667,0.05007657810410887,2.0487994118302724,4.0,6.283185307179586
2.49,2.0409941438371644,0.17866904309027895,2.0487995807634274,4.0,6.283185307179586
2.5,2.025735446215024,0.3065554734573699,2.0487997355424117,4.0,6.283185307179586
2.5100000000000002,2.0024715424348805,0.43323049197938707,2.0487998773531375,4.0,6.283185307179586
2.52,1.971294365771053,0.5581935088467694,2.048800007282157,4.0,6.283185307179586
2.5300000000000002,1.9323271208548116,0.6809506998588278,2.0488001263249846,4.0,6.283185307179586
2.54,1.8857237967789588,0.8010169578797524,2.0488002353937254,4.0,6.283185307179586
2.5500000000000003,1.8316685585526056,0.9179178098467298,2.048800335324064,4.0,6.283185307179586
2.56,1.7703750193107501,1.0311912917548125,2.0488004268816664,4.0,6.283185307179586
2.57,1.7020853961545104,1.1403897742092195,2.0488005107680474,4.0,6.283185307179586
2.58,1.6270695529577228,1.2450817313310694,2.0488005876259447,4.0,6.283185307179586
2.59,1.545623933922318,1.3448534460263804,2.0488006580442453,4.0,6.283185307179586
2.6,1.4580703920966187,1.4393106448796276,2.048800722562494,4.0,6.283185307179586
2.61,1.3647549174858034,1.5280800562112364,2.048800781675031,4.0,6.283185307179586
2.62,1.2660462697805643,1.610810885142015,2.048800835834778,4.0,6.283185307179586
2.63,1.1623345211069356,1.687176199835482,2.0488008854567075,4.0,6.283185307179586
2.64,1.0540295145558403,1.756874223440037,2.0488009309210233,4.0,6.283185307179586
2.65,0.9415592445837384,1.819629526625564,2.0488009725760756,4.0,6.283185307179586
2.66,0.8253681656845089,1.875194116001871,2.048801010741026,4.0,6.283185307179586
2.67,0.7059154360161632,1.9233484141178143,2.0488010457082946,4.0,6.283185307179586
2.68,0.5836731029230401,1.9639021271683956,2.048801077745802,4.0,6.283185307179586
2.69,0.45912423752374987,1.9966949969808625,2.0488011070990204,4.0,6.283185307179586
2.7,0.33276102573642774,2.0215974343081387,2.048801133992855,4.0,6.283185307179586
2.71,0.2050828232850089,2.0385110309269554,2.0488011586333674,4.0,6.283185307179586
2.72,0.07659418237258431,2.047368948516979,2.0488011812093543,4.0,6.283185307179586
2.73,-0.05219714218013374,2.0481361827841615,2.0488012018937924,4.0,6.283185307179586
2.74,-0.1807821994520513,2.040809701784547,2.0488012208451685,4.0,6.283185307179586
2.75,-0.30865285366543666,2.0254184579018806,2.048801238208687,4.0,6.283185307179586
2.7600000000000002,-0.4353037922082828,2.0020232734316736,2.048801254117389,4.0,6.283185307179586
2.77,-0.5602345225001288,1.9707166002238325,2.0488012686931665,4.0,6.283185307179586
2.7800000000000002,-0.6829513498102642,1.9316221543336674,2.0488012820477004,4.0,6.283185307179586
2.79,-0.8029693282125066,1.8848944271250139,2.048801294283313,4.0,6.283185307179586
2.8000000000000003,-0.9198141769668988,1.8307180747574487,2.0488013054937544,4.0,6.283185307179586
2.81,-1.03302415475529,1.7693071884701608,2.0488013157649196,4.0,6.283185307179586
2.82,-1.1421518843643148,1.7009044485461131,2.0488013251755066,4.0,6.283185307179586
2.83,-1.2467661206050993,1.6257801652997907,2.0488013337976194,4.0,6.283185307179586
2.84,-1.3464534544833393,1.5442312108782885,2.048801341697321,4.0,6.283185307179586
2.85,-1.4408199468853073,1.4565798460969681,2.0488013489351395,4.0,6.283185307179586
2.86,-1.5294926853238884,1.3631724469457178,2.048801355566531,4.0,6.283185307179586
2.87,-1.6121212575927835,1.2643781357983173,2.0488013616423055,4.0,6.283185307179586
2.88,-1.688379136505377,1.1605873227340078,2.048801367209016,4.0,6.283185307179586
2.89,-1.7579649702461373,1.0522101627355782,2.0488013723093155,4.0,6.283185307179586
2.9,-1.820603773235408,0.9396749348607146,2.0488013769822815,4.0,6.283185307179586
2.91,-1.8760480128016002,0.8234263497917045,2.048801381263719,4.0,6.283185307179586
2.92,-1.9240785873665296,0.7039237924516164,2.0488013851864326,4.0,6.283185307179586
2.93,-1.9645056922783588,0.5816395066316804,2.0488013887804786,4.0,6.283185307179586
2.94,-1.997169569870594,0.45705672880375015,2.0488013920733943,4.0,6.283185307179586
2.95,-2.0219411407830896,0.3306677784925362,2.0488013950904103,4.0,6.283185307179586
2.96,-2.038722514050239,0.20297211275396795,2.0488013978546427,4.0,6.283185307179586
2.97,-2.047447373940613,0.07447435244788286,2.0488014003872714,4.0,6.283185307179586
2.98,-2.0480812420193457,-0.054317711895293996,2.0488014027077015,4.0,6.283185307179586
2.99,-2.0406216133976685,-0.1828951267335777,2.048801404833713,4.0,6.283185307179586
3.0,-2.02509796663116,-0.3107497867683571,2.0488014067815943,4.0,6.283185307179586
3.0100000000000002,-2.001571647227599,-0.4373764428472702,2.0488014085662707,4.0,6.283185307179586
3.02,-1.9701356252247564,-0.5622746985803039,2.0488014102014165,4.0,6.283185307179586
3.0300000000000002,-1.9309141277961281,-0.6849509877790011,2.0488014116995603,4.0,6.283185307179586
3.04,-1.8840621483364401,-0.804920524904442,2.0488014130721806,4.0,6.283185307179586
3.0500000000000003,-1.8297648339669033,-0.9217092208163264,2.048801414329795,4.0,6.283185307179586
3.06,-1.7682367538806318,-1.0348555562526067,2.0488014154820386,4.0,6.283185307179586
3.0700000000000003,-1.6997210514195422,-1.1439124056361574,2.0488014165377413,4.0,6.283185307179586
3.08,-1.6244884832335,-1.2484488040012616,2.0488014175049902,4.0,6.283185307179586
3.09,-1.5428363493187174,-1.3480516500574733,2.048801418391198,4.0,6.283185307179586
3.1,-1.4550873181636108,-1.4423273386607796,2.0488014192031536,4.0,6.283185307179586
3.11,-1.3615881516448447,-1.5309033162409516,2.048801419947079,4.0,6.283185307179586
3.12,-1.2627083347124448,-1.6134295530384328,2.0488014206286738,4.0,6.283185307179586
3.13,-1.1588386152791161,-1.68957992633286,2.048801421253161,4.0,6.283185307179586
3.14,-1.0503894600837496,-1.7590535091970456,2.0488014218253245,4.0,6.283185307179586
3.15,-0.9377894326311504,-1.8215757596835989,2.048801422349549,4.0,6.283185307179586
3.16,-0.8214834996179595,-1.8768996057448175,2.048801422829851,4.0,6.283185307179586
3.17,-0.7019312725373362,-1.9248064215985268,2.0488014232699103,4.0,6.283185307179586
3.18,-0.5796051914111375,-1.9651068916815124,2.048801423673099,4.0,6.283185307179586
3.19,-0.4549886578270176,-1.9976417587764252,2.048801424042506,4.0,6.283185307179586
3.2,-0.3285741246582123,-2.0222824533557495,2.048801424380962,4.0,6.283185307179586
3.21,-0.20086115001494773,-2.038931601655826,2.0488014246910606,4.0,6.283185307179586
3.22,-0.07235442311776277,-2.047523410473153,2.048801424975177,4.0,6.283185307179586
3.23,0.05643823010600904,-2.048023927162344,2.0488014252354882,4.0,6.283185307179586
3.24,0.18500785382122267,-2.0404311738082996,2.0488014254739895,4.0,6.283185307179586
3.25,0.312846373549011,-2.024775155042377,2.048801425692507,4.0,6.283185307179586
3.2600000000000002,0.4394486039479767,-2.001117739471669,2.0488014258927163,4.0,6.283185307179586
3.27,0.5643142451782451,-1.9695524151899533,2.0488014260761513,4.0,6.283185307179586
3.2800000000000002,0.6869498599592567,-1.930203920336474,2.0488014262442165,4.0,6.283185307179586
3.29,0.8068708235084683,-1.8832277501624881,2.0488014263982004,4.0,6.283185307179586
3.3000000000000003,0.9236032386553015,-1.828809542553526,2.0488014265392827,4.0,6.283185307179586
3.31,1.0366858085622952,-1.7671643444356275,2.048801426668544,4.0,6.283185307179586
3.3200000000000003,1.1456716596529446,-1.6985357619645258,2.0488014267869747,4.0,6.283185307179586
3.33,1.2501301075424787,-1.6231949978560185,2.0488014268954835,4.0,6.283185307179586
3.34,1.3496483589930668,-1.5414397796617492,2.0488014269949004,4.0,6.283185307179586
3.35,1.4438331431677611,-1.4535931832255826,2.0488014270859876,4.0,6.283185307179586
3.36,1.5323122657368728,-1.3600023559699728,2.048801427169443,4.0,6.283185307179586
3.37,1.6147360796953496,-1.2610371450575728,2.048801427245906,4.0,6.283185307179586
3.38,1.6907788670788566,-1.157088635849243,2.0488014273159623,4.0,6.283185307179586
3.39,1.7601401261183727,-1.0485676064340983,2.0488014273801487,4.0,6.283185307179586
3.4,1.8225457587467915,-0.935902904338902,2.0488014274389577,4.0,6.283185307179586
3.41,1.8777491537648046,-0.819539751831633,2.0488014274928386,4.0,6.283185307179586
3.42,1.9255321613856702,-0.6999379865162407,2.0488014275422057,4.0,6.283185307179586
3.43,1.965705955307714,-0.5775702441713076,2.048801427587436,4.0,6.283185307179586
3.44,1.9981117789078713,-0.45292009101357805,2.0488014276288773,4.0,6.283185307179586
3.45,2.0226215726075005,-0.3264801127671755,2.048801427666846,4.0,6.283185307179586
3.46,2.0391384799312844,-0.19874996809001902,2.0488014277016338,4.0,6.283185307179586
3.47,2.0475972302593926,-0.07023441404980385,2.0488014277335065,4.0,6.283185307179586
3.48,2.0479643967603773,0.058558688547637516,2.0488014277627093,4.0,6.283185307179586
3.49,2.0402385284855082,0.18712038209515808,2.048801427789465,4.0,6.283185307179586
3.5,2.0244501561025476,0.3149426234553987,2.048801427813979,4.0,6.283185307179586
3.5100000000000002,2.0006616712463066,0.44152029161813844,2.048801427836439,4.0,6.283185307179586
3.52,1.9689670799627577,0.5663531838101404,2.048801427857017,4.0,6.283185307179586
3.5300000000000002,1.9294916312210304,0.688947992169376,2.048801427875871,4.0,6.283185307179586
3.54,1.8823913219613155,0.8088202531723109,2.048801427893145,4.0,6.283185307179586
3.5500000000000003,1.8278522806346038,0.925496262110615,2.048801427908972,4.0,6.283185307179586
3.56,1.766090031670352,1.0385149450517677,2.0488014279234728,4.0,6.283185307179586
3.5700000000000003,1.6973486437787149,1.1474296808860485,2.0488014279367586,4.0,6.283185307179586
3.58,1.6218997654530336,1.2518100662596443,2.0488014279489315,4.0,6.283185307179586
3.59,1.540041551484033,1.351243616419309,2.0488014279600844,4.0,6.283185307179586
3.6,1.4520974847278676,1.445337395247266,2.0488014279703024,4.0,6.283185307179586
3.61,1.3584150977840903,1.5337195680448736,2.0488014279796647,4.0,6.283185307179586
3.62,1.2593645996351501,1.616040870928845,2.0488014279882427,4.0,6.283185307179586
3.63,1.155337412674586,1.6919759910333416,2.0488014279961013,4.0,6.283185307179586
3.64,1.0467446259052136,1.7612248520637348,2.0488014280033022,4.0,6.283185307179586
3.65,0.9340153704198702,1.8235138001218516,2.0488014280098996,4.0,6.283185307179586
3.66,0.8175951235844057,1.878596685116625,2.048801428015944,4.0,6.283185307179586
3.67,0.6979439486243578,1.9262558334866904,2.048801428021482,4.0,6.283185307179586
3.68,0.5755346765720166,1.9663029083909733,2.048801428026556,4.0,6.283185307179586
3.69,0.4508510377583622,1.9985796539680158,2.0488014280312052,4.0,6.283185307179586
3.7,0.3243857502337446,2.0229585207229164,2.0488014280354645,4.0,6.283185307179586
3.71,0.19663857267138063,2.0393431695705146,2.0488014280393676,4.0,6.283185307179586
3.72,0.06811432944809884,2.0476688525429685,2.048801428042943,4.0,6.283185307179586
3.73,-0.06067908429328828,2.047902668657266,2.0488014280462186,4.0,6.283185307179586
3.74,-0.1892327097164992,2.0400436939315476,2.04880142804922,4.0,6.283185307179586
3.75,-0.3170385355677442,2.024122985036446,2.0488014280519704,4.0,6.283185307179586
3.7600000000000002,-0.4435915057070811,2.0002034565670166,2.0488014280544897,4.0,6.283185307179586
3.77,-0.5683915149619122,1.9683796324202498,2.048801428056798,4.0,6.283185307179586
3.7800000000000002,-0.6909453854155164,1.928777272260653,2.0488014280589133,4.0,6.283185307179586
3.79,-0.810768815320827,1.8815528745500205,2.048801428060851,4.0,6.283185307179586
3.8000000000000003,-0.9273882929378432,1.826893058105288,2.0488014280626268,4.0,6.283185307179586
3.81,-1.0403429677316753,1.7650138246284004,2.0488014280642535,4.0,6.283185307179586
3.8200000000000003,-1.1491864715367268,1.696159705122486,2.048801428065744,4.0,6.283185307179586
3.83,-1.253488682490232,1.6206027935674825,2.0488014280671094,4.0,6.283185307179586
3.84,-1.3528374247645365,1.5386416716738858,2.0488014280683604,4.0,6.283185307179586
3.85,-1.4468400973812057,1.4506002289637188,2.0488014280695066,4.0,6.283185307179586
3.86,-1.535125225670306,1.356826382841462,2.048801428070557,4.0,6.283185307179586
3.87,-1.617343929243885,1.2576907037128995,2.048801428071519,4.0,6.283185307179586
3.88,-1.6931713006825893,1.1535849505850615,2.048801428072401,4.0,6.283185307179586
3.89,-1.7623076894872067,1.0449205229342005,2.048801428073209,4.0,6.283185307179586
3.9,-1.8244798862212777,0.9321268349596242,2.048801428073949,4.0,6.283185307179586
3.91,-1.8794422021653472,0.8156496186479228,2.0488014280746274,4.0,6.283185307179586
3.92,-1.9269774402163384,0.6959491623534475,2.0488014280752487,4.0,6.283185307179586
3.93,-1.9668977531953005,0.5734984918557233,2.048801428075818,4.0,6.283185307179586
3.94,-1.9990453861717141,0.4487815010817958,2.0488014280763394,4.0,6.283185307179586
3.95,-2.023293299870882,0.32229103988042057,2.048801428076817,4.0,6.283185307179586
3.96,-2.0395456727008527,0.1945269664047263,2.048801428077255,4.0,6.283185307179586
3.97,-2.047738279414998,0.06599417179984074,2.048801428077656,4.0,6.283185307179586
3.98,-2.0478387449138626,-0.06279941499858904,2.048801428078024,4.0,6.283185307179586
3.99,-2.0398466721833297,-0.19134483447045197,2.0488014280783604,4.0,6.283185307179586
4.0,-2.0237936438635185,-0.3191341077898364,2.048801428078669,4.0,6.283185307179586
4.01,-1.999743097442219,-0.4456622442282394,2.0488014280789515,4.0,6.283185307179586
4.0200000000000005,-1.9677900745660626,-0.5704292367495742,2.0488014280792104,4.0,6.283185307179586
4.03,-1.9280608454600918,-0.6929420379108922,2.0488014280794475,4.0,6.283185307179586
4.04,-1.8807124099399237,-0.8127165082605616,2.048801428079665,4.0,6.283185307179586
4.05,-1.825931876988383,-0.9292793295343288,2.048801428079864,4.0,6.283185307179586
4.0600000000000005,-1.7639357253483585,-1.042169875088797,2.0488014280800466,4.0,6.283185307179586
4.07,-1.6949689480538328,-1.150942030180846,2.048801428080214,4.0,6.283185307179586
4.08,-1.6193040842796802,-1.255165954899709,2.0488014280803672,4.0,6.283185307179586
4.09,-1.5372401423361184,-1.3544297827850498,2.0488014280805076,4.0,6.283185307179586
4.1,-1.449101418063864,-1.448341248418532,2.048801428080636,4.0,6.283185307179586
4.11,-1.3552362132993945,-1.5365292375570516,2.048801428080754,4.0,6.283185307179586
4.12,-1.2560154594746176,-1.6186452536819005,2.048801428080862,4.0,6.283185307179586
4.13,-1.15183125179013,-1.694364795168433,2.0488014280809606,4.0,6.283185307179586
4.14,-1.0430952997546412,-1.7633886376340102,2.0488014280810516,4.0,6.283185307179586
4.15,-0.930237300213639,-1.8254440163967054,2.048801428081134,4.0,6.283185307179586
4.16,-0.8137032392966691,-1.8802857043720016,2.04880142808121,4.0,6.283185307179586
4.17,-0.693953629993506,-1.9276969811479003,2.04880142808128,4.0,6.283185307179586
4.18,-0.5714616923238639,-1.9674904894089067,2.048801428081344,4.0,6.283185307179586
4.19,-0.44671148329215543,-1.999508975324521,2.048801428081402,4.0,6.283185307179586
4.2,-0.3201959840172407,-2.0236259099764076,2.0488014280814557,4.0,6.283185307179586
4.21,-0.19241515159634445,-2.0397459893685217,2.048801428081505,4.0,6.283185307179586
4.22,-0.06387394340167998,-2.0478055110442783,2.04880142808155,4.0,6.283185307179586
4.23,0.06491967838274307,-2.0477726258224687,2.048801428081591,4.0,6.283185307179586
4.24,0.19345675409856325,-2.039647463657132,2.048801428081629,4.0,6.283185307179586
4.25,0.32122933789227714,-2.0234621331240064,2.048801428081664,4.0,6.283185307179586
4.26,0.44773250498814976,-1.9992805945356023,2.0488014280816955,4.0,6.283185307179586
4.2700000000000005,0.5724663470225938,-1.9671984071863013,2.0488014280817244,4.0,6.283185307179586
4.28,0.6949379475549629,-1.927342351726314,2.048801428081751,4.0,6.283185307179586
4.29,0.8146633299480425,-1.8798699291567726,2.0488014280817755,4.0,6.283185307179586
4.3,0.9311693699207099,-1.824968738425807,2.0488014280817977,4.0,6.283185307179586
4.3100000000000005,1.0439956652148412,-1.7628557350851823,2.048801428081818,4.0,6.283185307179586
4.32,1.1526963549880174,-1.6937763739371008,2.048801428081837,4.0,6.283185307179586
4.33,1.2568418817422498,-1.6180036390592099,2.048801428081854,4.0,6.283185307179586
4.34,1.3560206888260344,-1.5358369650409112,2.04880142808187,4.0,6.283185307179586
4.3500000000000005,1.449840846801635,-1.4476010536939683,2.0488014280818847,4.0,6.283185307179586
4.36,1.5379316022506053,-1.353644590913475,2.0488014280818976,4.0,6.283185307179586
4.37,1.6199448428970664,-1.254338868759823,2.04880142808191,4.0,6.283185307179586
4.38,1.6955564732589425,-1.1500763182068467,2.048801428081921,4.0,6.283185307179586
4.39,1.7644676953909324,-1.0412689583543595,2.0488014280819313,4.0,6.283185307179586
4.4,1.8264061896580448,-0.928346768233391,2.0488014280819407,4.0,6.283185307179586
4.41,1.8811271908735816,-0.811755987638343,2.048801428081949,4.0,6.283185307179586
4.42,1.928414455548945,-0.6919573537007405,2.0488014280819566,4.0,6.283185307179586
4.43,1.9680811164329426,-0.5694242801731919,2.048801428081964,4.0,6.283185307179586
4.44,1.9999704209636682,-0.444640986618564,2.0488014280819704,4.0,6.283185307179586
4.45,2.0239563507147866,-0.3181005848973416,2.0488014280819766,4.0,6.283185307179586
4.46,2.039944119388324,-0.1903031305148873,2.0488014280819824,4.0,6.283185307179586
4.47,2.0478705473860255,-0.061753646529180944,2.0488014280819873,4.0,6.283185307179586
4.48,2.0477043114790714,0.06703987217194565,2.0488014280819917,4.0,6.283185307179586
4.49,2.039446068589515,0.19556846633749064,2.048801428081996,4.0,6.283185307179586
4.5,2.023128453194292,0.3233242236308821,2.0488014280819997,4.0,6.283185307179586
4.51,1.998815948362066,0.4498022857704381,2.0488014280820033,4.0,6.283185307179586
4.5200000000000005,1.9666046309325267,0.5745028436009785,2.048801428082007,4.0,6.283185307179586
4.53,1.926621791845141,0.6969331122125713,2.0488014280820095,4.0,6.283185307179586
4.54,1.8790254331177128,0.8166092783012481,2.048801428082012,4.0,6.283185307179586
4.55,1.8240036434625673,0.9330584120762124,2.048801428082015,4.0,6.283185307179586
4.5600000000000005,1.7617738550077657,1.0458203361581706,2.048801428082017,4.0,6.283185307179586
4.57,1.6925819840605987,1.154449444083373,2.0488014280820193,4.0,6.283185307179586
4.58,1.6167014593088433,1.2585164612271011,2.048801428082021,4.0,6.283185307179586
4.59,1.5344321413000863,1.3576101411878776,2.048801428082023,4.0,6.283185307179586
4.6000000000000005,1.4460991374690526,1.4513388909287195,2.0488014280820246,4.0,6.283185307179586
4.61,1.3520515173956558,1.539332318253292,2.0488014280820264,4.0,6.283185307179586
4.62,1.252660933370739,1.6212426955017265,2.0488014280820273,4.0,6.283185307179586
4.63,1.1483201517206838,1.696746333681952,2.0488014280820286,4.0,6.283185307179586
4.64,1.039441500694715,1.7655448616063212,2.04880142808203,4.0,6.283185307179586
4.65,0.9264552410484601,1.8273664049787084,2.048801428082031,4.0,6.283185307179586
4.66,0.8098078657628001,1.8819666607726269,2.0488014280820317,4.0,6.283185307179586
4.67,0.6899603356170929,1.9291298626546955,2.0488014280820326,4.0,6.283185307179586
4.68,0.5673862575893336,1.9686696336383487,2.0488014280820335,4.0,6.283185307179586
4.69,0.4425700132817516,2.0004297225983154,2.0488014280820344,4.0,6.283185307179586
4.7,0.3160048447678325,2.0242846217353536,2.0488014280820352,4.0,6.283185307179586
4.71,0.18819090542500866,2.0401400625511728,2.0488014280820357,4.0,6.283185307179586
4.72,0.05963328345563329,2.0479333883735795,2.048801428082036,4.0,6.283185307179586
4.73,-0.06915999409321885,2.0476338019597202,2.0488014280820366,4.0,6.283185307179586
4.74,-0.19767996892351847,2.039242487198958,2.0488014280820375,4.0,6.283185307179586
4.75,-0.32541876276011583,2.022792604434442,2.048801428082038,4.0,6.283185307179586
4.76,-0.4518715843565988,1.9983491594218603,2.048801428082038,4.0,6.283185307179586
4.7700000000000005,-0.5765387243019982,1.9660087464432157,2.0488014280820384,4.0,6.283185307179586
4.78,-0.6989275297453704,1.9258991665907734,2.048801428082039,4.0,6.283185307179586
4.79,-0.8185543512346496,1.8781789227296277,2.0488014280820392,4.0,6.283185307179586
4.8,-0.9349464539763542,1.8230365931346646,2.0488014280820392,4.0,6.283185307179586
4.8100000000000005,-1.0476438859633388,1.7606900862771504,2.0488014280820392,4.0,6.283185307179586
4.82,-1.1562012955882215,1.6913857797058376,2.0488014280820397,4.0,6.283185307179586
4.83,-1.2601896915597433,1.6153975464255126,2.04880142808204,4.0,6.283185307179586
4.84,-1.3591981381673164,1.5330256726204907,2.04880142808204,4.0,6.283185307179586
4.8500000000000005,-1.4528353791945068,1.4445956709999381,2.04880142808204,4.0,6.283185307179586
4.86,-1.5407313840641574,1.3504569944543787,2.04880142808204,4.0,6.283185307179586
4.87,-1.62253881010518,1.2509816551066906,2.0488014280820406,4.0,6.283185307179586
4.88,-1.697934375162509,1.1465627542147485,2.0488014280820406,4.0,6.283185307179586
4.89,-1.7666201351260098,1.037612928735166,2.0488014280820406,4.0,6.283185307179586
4.9,-1.8283246613298767,0.9245627206869214,2.048801428082041,4.0,6.283185307179586
4.91,-1.882804113169731,0.8078588757587267,2.048801428082041,4.0,6.283185307179586
4.92,-1.929843201698714,0.6879625778836146,2.048801428082041,4.0,6.283185307179586
4.93,-1.9692560403946855,0.5653476267572514,2.048801428082041,4.0,6.283185307179586
4.94,-2.0008868797365142,0.44049856550196387,2.048801428082041,4.0,6.283185307179586
4.95,-2.024610722686598,0.31390876587547395,2.0488014280820415,4.0,6.283185307179586
4.96,-2.0403338186473876,0.18607847859111037,2.0488014280820415,4.0,6.283185307179586
4.97,-2.0479940339399185,0.05751285645413631,2.048801428082042,4.0,6.283185307179586
4.98,-2.047561097340319,-0.07128004187374454,2.048801428082042,4.0,6.283185307179586
4.99,-2.039036719703993,-0.19979125959308774,2.048801428082042,4.0,6.283185307179586
5.0,-2.022454587204755,-0.32751295303462036,2.0488014280820415,4.0,6.283185307179586
5.01,-1.9978802282156305,-0.4539403985283452,2.0488014280820415,4.0,6.283185307179586
5.0200000000000005,-1.965410754357384,-0.5785739869432014,2.0488014280820415,4.0,6.283185307179586
5.03,-1.9251744767380738,-0.7009211980153665,2.0488014280820415,4.0,6.283185307179586
5.04,-1.8773303989001668,-0.8204985466631577,2.048801428082042,4.0,6.283185307179586
5.05,-1.8220675884789508,-0.9368334935971889,2.0488014280820415,4.0,6.283185307179586
5.0600000000000005,-1.7596044300552953,-1.0494663126755395,2.048801428082042,4.0,6.283185307179586
5.07,-1.6901877621552932,-1.1579519076246199,2.048801428082042,4.0,6.283185307179586
5.08,-1.6140919018071438,-1.2618615709465173,2.048801428082042,4.0,6.283185307179586
5.09,-1.531617560509979,-1.360784678062064,2.048801428082042,4.0,6.283185307179586
5.1000000000000005,-1.4430906558984504,-1.4543303099948082,2.048801428082042,4.0,6.283185307179586
5.11,-1.3488610237990728,-1.54212879818345,2.048801428082042,4.0,6.283185307179586
5.12,-1.249301035767955,-1.6238331853180392,2.048801428082042,4.0,6.283185307179586
5.13,-1.1448041275730543,-1.699120596427079,2.048801428082042,4.0,6.283185307179586
5.14,-1.0357832444360184,-1.7676935147973503,2.048801428082042,4.0,6.283185307179586
5.15,-0.9226692091776273,-1.829280957684343,2.048801428082042,4.0,6.283185307179586
5.16,-0.8059090197155051,-1.8836395471671878,2.048801428082042,4.0,6.283185307179586
5.17,-0.6859640826419616,-1.9305544719163423,2.048801428082042,4.0,6.283185307179586
5.18,-0.5633083898624129,-1.9698403360733658,2.048801428082042,4.0,6.283185307179586
5.19,-0.43842664549984417,-2.001341891888232,2.048801428082042,4.0,6.283185307179586
5.2,-0.31181235046731026,-2.024934653218979,2.048801428082042,4.0,6.283185307179586
5.21,-0.18396585227775866,-2.040525387469299,2.048801428082042,4.0,6.283185307179586
5.22,-0.055392367797829634,-2.0480524840200665,2.048801428082042,4.0,6.283185307179586
5.23,0.07340001324079207,-2.047486197698843,2.048801428082042,4.0,6.283185307179586
5.24,0.20190233608285774,-2.03882876632524,2.048801428082042,4.0,6.283185307179586
5.25,0.3296067922093886,-2.022114401867622,2.048801428082042,4.0,6.283185307179586
5.26,0.45600872606787535,-1.997409155246107,2.0488014280820415,4.0,6.283185307179586
5.2700000000000005,0.5806086293427553,-1.9648106553161149,2.048801428082042,4.0,6.283185307179586
5.28,0.7029141148853175,-1.9244477230639456,2.048801428082042,4.0,6.283185307179586
5.29,0.8224418625025671,-1.8764798625389836,2.048801428082042,4.0,6.283185307179586
5.3,0.9387195289157838,-1.8210966305342349,2.048801428082042,4.0,6.283185307179586
5.3100000000000005,1.0512876143411063,-1.7585168875060597,2.048801428082042,4.0,6.283185307179586
5.32,1.1597012783158889,-1.6889879326932764,2.048801428082042,4.0,6.283185307179586
5.33,1.2635320975951467,-1.6127845268534242,2.048801428082042,4.0,6.283185307179586
5.34,1.3623697591713293,-1.530207806478084,2.048801428082042,4.0,6.283185307179586
5.3500000000000005,1.455823681727039,-1.4415840937780025,2.048801428082042,4.0,6.283185307179586
5.36,1.5435245591131244,-1.3472636071406554,2.048801428082042,4.0,6.283185307179586
5.37,1.6251258197527176,-1.2476190771561937,2.048801428082042,4.0,6.283185307179586
5.38,1.7003049962040193,-1.1430442736808863,2.048801428082042,4.0,6.283185307179586
5.39,1.7687649994696677,-1.0339524497587311,2.048801428082042,4.0,6.283185307179586
5.4,1.8302352930169472,-0.92077470855046,2.048801428082042,4.0,6.283185307179586
5.41,1.884472961869404,-0.803958299723419,2.048801428082042,4.0,6.283185307179586
5.42,1.9312636725450927,-0.6839648520345593,2.0488014280820424,4.0,6.283185307179586
5.43,1.97042252004802,-0.5612685490909187,2.048801428082042,4.0,6.283185307179586
5.44,2.001794758565694,-0.43635425549652934,2.0488014280820424,4.0,6.283185307179586
5.45,2.0252564129852417,-0.30971560079073723,2.0488014280820424,4.0,6.283185307179586
5.46,2.0407147688115472,-0.18185302874972728,2.0488014280820424,4.0,6.283185307179586
5.47,2.04810873855137,-0.05327181975991524,2.0488014280820424,4.0,6.283185307179586
5.48,2.0474091031155917,0.0755199059217144,2.0488014280820424,4.0,6.283185307179586
5.49,2.038618627285632,0.2040131961297172,2.0488014280820424,4.0,6.283185307179586
5.5,2.021772048787732,0.3317002780397884,2.0488014280820424,4.0,6.283185307179586
5.51,1.996935941018292,0.45807656475790615,2.0488014280820424,4.0,6.283185307179586
5.5200000000000005,1.9642084499627284,0.5826426493194878,2.0488014280820424,4.0,6.283185307179586
5.53,1.9237189063474842,0.7049062782187822,2.0488014280820424,4.0,6.283185307179586
5.54,1.8756273145578706,0.8243842966696097,2.0488014280820424,4.0,6.283185307179586
5.55,1.820123720341403,0.9406045579102764,2.0488014280820424,4.0,6.283185307179586
5.5600000000000005,1.7574274597953106,1.0531077890075726,2.0488014280820424,4.0,6.283185307179586
5.57,1.6877862926060276,1.161449405786673,2.0488014280820424,4.0,6.283185307179586
5.58,1.6114754229658848,1.2652012697147985,2.048801428082042,4.0,6.283185307179586
5.59,1.528796412036088,1.3639533797958783,2.0488014280820424,4.0,6.283185307179586
5.6000000000000005,1.4400759862536567,1.457315492790279,2.0488014280820424,4.0,6.283185307179586
5.61,1.345664746191587,1.544918665356901,2.0488014280820424,4.0,6.283185307179586
5.62,1.2459357810744973,1.6264167120234896,2.0488014280820424,4.0,6.283185307179586
5.63,1.1412831944248405,1.701487573223633,2.0488014280820424,4.0,6.283185307179586
5.64,1.0321205466659498,1.7698345879943123,2.0488014280820424,4.0,6.283185307179586
5.65,0.9188792208363585,1.831187666304626,2.0488014280820424,4.0,6.283185307179586
5.66,0.8020067178736757,1.885304356382945,2.0488014280820424,4.0,6.283185307179586
5.67,0.6819648882046189,1.9319708028246902,2.0488014280820424,4.0,6.283185307179586
5.68,0.5592281066295148,1.9710025916945377,2.0488014280820424,4.0,6.283185307179586
5.69,0.4342813977136587,2.002245479283419,2.048801428082043,4.0,6.283185307179586
5.7,0.30761851909350824,2.0255760016404554,2.0488014280820424,4.0,6.283185307179586
5.71,0.179740010272001,2.0409019624711124,2.048801428082043,4.0,6.283185307179586
5.72,0.05115121461365868,2.0481627974735224,2.048801428082043,4.0,6.283185307179586
5.73,-0.07763971764394847,2.047329813673211,2.048801428082043,4.0,6.283185307179586
5.74,-0.2061238374707861,2.0384063028104418,2.048801428082043,4.0,6.283185307179586
5.75,-0.33379340828156506,2.021427528332093,2.048801428082043,4.0,6.283185307179586
5.76,-0.4601439123816772,1.9964605860394793,2.048801428082043,4.0,6.283185307179586
5.7700000000000005,-0.5846760446928931,1.9636041389427992,2.048801428082043,4.0,6.283185307179586
5.78,-0.7068976858801256,1.922988027369994,2.048801428082043,4.0,6.283185307179586
5.79,-0.8263258470819612,1.8747727558707739,2.0488014280820424,4.0,6.283185307179586
5.8,-0.9424885785598821,1.8191488589434317,2.0488014280820424,4.0,6.283185307179586
5.8100000000000005,-1.0549268347236789,1.7563361480909332,2.0488014280820424,4.0,6.283185307179586
5.82,-1.163196288162949,1.6865828431817258,2.0488014280820424,4.0,6.283185307179586
5.83,-1.2668690855160907,1.6101645915479077,2.0488014280820424,4.0,6.283185307179586
5.84,-1.3655355382380416,1.527383378697031,2.0488014280820424,4.0,6.283185307179586
5.8500000000000005,-1.4588057415852806,1.438566334942131,2.0488014280820424,4.0,6.283185307179586
5.86,-1.5463111154202733,1.3440644426658739,2.0488014280820424,4.0,6.283185307179586
5.87,-1.6277058607464954,1.2442511493273882,2.0488014280820424,4.0,6.283185307179586
5.88,-1.7026683262181765,1.1395208916928243,2.0488014280820424,4.0,6.283185307179586
5.89,-1.770902279224666,1.0302875371215061,2.0488014280820424,4.0,6.283185307179586
5.9,-1.8321380765264184,0.9169827480673189,2.0488014280820424,4.0,6.283185307179586
5.91,-1.8861337298165408,0.8000542762584049,2.0488014280820424,4.0,6.283185307179586
5.92,-1.9326758619970785,0.6799641932961366,2.0488014280820424,4.0,6.283185307179586
5.93,-1.971580550391071,0.5571870646655912,2.0488014280820424,4.0,6.283185307179586
5.94,-2.002694053558226,0.43220807437337216,2.0488014280820424,4.0,6.283185307179586
5.95,-2.025893418842014,0.30552110762373175,2.048801428082042,4.0,6.283185307179586
5.96,-2.0410869682473187,0.1776267991097729,2.048801428082042,4.0,6.283185307179586
5.97,-2.048214660728571,0.04903055463238612,2.048801428082042,4.0,6.283185307179586
5.98,-2.0472483294567003,-0.0797594461350187,2.048801428082042,4.0,6.283185307179586
5.99,-2.0381917931272846,-0.20823425784341973,2.048801428082042,4.0,6.283185307179586
6.0,-2.021080840870036,-0.3358861806908461,2.048801428082042,4.0,6.283185307179586
6.01,-1.9959830908192566,-0.4622107667229552,2.048801428082042,4.0,6.283185307179586
6.0200000000000005,-1.9629977229041582,-0.5867088132831351,2.048801428082042,4.0,6.283185307179586
6.03,-1.9222550869149893,-0.708888335734523,2.048801428082042,4.0,6.283185307179586
6.04,-1.8739161873937953,-0.8282665116582447,2.048801428082042,4.0,6.283185307179586
6.05,-1.81817204738539,-0.9443715888448967,2.048801428082042,4.0,6.283185307179586
6.0600000000000005,-1.7552429535628336,-1.056744749539375,2.0488014280820424,4.0,6.283185307179586
6.07,-1.6853775857104907,-1.1649419235720266,2.0488014280820424,4.0,6.283185307179586
6.08,-1.608852034004728,-1.268535543211094,2.0488014280820424,4.0,6.283185307179586
6.09,-1.5259687079757103,-1.3671162328017166,2.0488014280820424,4.0,6.283185307179586
6.1000000000000005,-1.437055141461799,-1.46029442651447,2.0488014280820424,4.0,6.283185307179586
6.11,-1.342462698279071,-1.5477019078105096,2.0488014280820424,4.0,6.283185307179586
6.12,-1.2425651837208227,-1.6289932645397442,2.048801428082042,4.0,6.283185307179586
6.13,-1.1377573673740584,-1.703847253921861,2.048801428082042,4.0,6.283185307179586
6.140000000000001,-1.0284534230904203,-1.7719680720161444,2.048801428082042,4.0,6.283185307179586
6.15,-0.915085292276395,-1.8330865226634665,2.048801428082042,4.0,6.283185307179586
6.16,-0.7981009769706602,-1.886961081281088,2.048801428082042,4.0,6.283185307179586
6.17,-0.6779627694538943,-1.933378849306421,2.048801428082042,4.0,6.283185307179586
6.18,-0.5551454253871826,-1.9721563955180377,2.048801428082042,4.0,6.283185307179586
6.19,-0.4301342876983106,-2.0031404809092352,2.048801428082042,4.0,6.283185307179586
6.2,-0.30342336862987146,-2.0262086642496415,2.0488014280820424,4.0,6.283185307179586
6.21,-0.17551339752844414,-2.041269785941838,2.048801428082042,4.0,6.283185307179586
6.22,-0.04690984208948393,-2.0482643282609194,2.0488014280820424,4.0,6.283185307179586
6.23,0.08187908912253736,-2.0471646505534133,2.048801428082042,4.0,6.283185307179586
6.24,0.21034445498520887,-2.03797509846612,2.0488014280820424,4.0,6.283185307179586
6.25,0.33797859302414124,-2.0207319867732183,2.0488014280820424,4.0,6.283185307179586
6.26,0.46427712556603484,-1.9955034558695097,2.0488014280820424,4.0,6.283185307179586
6.2700000000000005,0.5887409529110491,-1.9623892024968965,2.0488014280820424,4.0,6.283185307179586
6.28,0.7108782256479622,-1.9215200857681973,2.048801428082042,4.0,6.283185307179586
6.29,0.830206288318033,-1.873057610045193,2.0488014280820424,4.0,6.283185307179586
6.3,0.9462535867466996,-1.817193286714438,2.0488014280820424,4.0,6.283185307179586
6.3100000000000005,1.0585615315058239,-1.7541478773829362,2.0488014280820424,4.0,6.283185307179586
6.32,1.1666863101425542,-1.6841705214843798,2.0488014280820424,4.0,6.283185307179586
6.33,1.2702006410133366,-1.6075377517434308,2.0488014280820424,4.0,6.283185307179586
6.34,1.3686954617923708,-1.524552401388678,2.0488014280820424,4.0,6.283185307179586
6.3500000000000005,1.4617815459819505,-1.4355424074326868,2.0488014280820424,4.0,6.283185307179586
6.36,1.549091041036656,-1.340859514748277,2.0488014280820424,4.0,6.283185307179586
6.37,1.630278922023117,-1.2408778860621859,2.0488014280820424,4.0,6.283185307179586
6.38,1.705024355070856,-1.1359926233590725,2.0488014280820424,4.0,6.283185307179586
6.390000000000001,1.7730319652261994,-1.026618206538895,2.0488014280820424,4.0,6.283185307179586
6.4,1.834033003699021,-0.9131868554976924,2.0488014280820424,4.0,6.283185307179586
6.41,1.8877864098896522,-0.7961468221044122,2.0488014280820424,4.0,6.283185307179586
6.42,1.9340797639991043,-0.6759606188234532,2.0488014280820424,4.0,6.283185307179586
6.43,1.972730126458123,-0.5531031909829616,2.0488014280820424,4.0,6.283185307179586
6.44,2.00358476085787,-0.42806003991160907,2.0488014280820424,4.0,6.283185307179586
6.45,2.0265217375253894,-0.3013253043607397,2.0488014280820424,4.0,6.283185307179586
6.46,2.0414504153586863,-0.17339980779361758,2.0488014280820424,4.0,6.283185307179586
6.47,2.048311800017322,-0.044789079258392456,2.048801428082043,4.0,6.283185307179586
6.48,2.047078777053055,0.08399864433421059,2.048801428082043,4.0,6.283185307179586
6.49,2.037756219059248,0.21245442663398578,2.048801428082043,4.0,6.283185307179586
6.5,2.0203809664156167,0.34007064303834844,2.048801428082043,4.0,6.283185307179586
6.51,1.9950216817044146,0.4663429866957437,2.048801428082043,4.0,6.283185307179586
6.5200000000000005,1.961778578373358,0.5907724613981462,2.048801428082043,4.0,6.283185307179586
6.53,1.9207830247175515,0.7128673534872465,2.0488014280820424,4.0,6.283185307179586
6.54,1.8721970247453765,0.8321451749818519,2.0488014280820424,4.0,6.283185307179586
6.55,1.8162125779798244,0.9481345702477563,2.0488014280820424,4.0,6.283185307179586
6.5600000000000005,1.7530509207251819,1.0603771786754037,2.0488014280820424,4.0,6.283185307179586
6.57,1.6829616517973875,1.1684294460045184,2.0488014280820424,4.0,6.283185307179586
6.58,1.6062217461729504,1.2718643771378044,2.0488014280820424,4.0,6.283185307179586
6.59,1.5231344604542403,1.370273223517043,2.048801428082043,4.0,6.283185307179586
6.6000000000000005,1.4340281344764727,1.4632670983935043,2.048801428082043,4.0,6.283185307179586
6.61,1.339254893792133,1.5504785136095374,2.048801428082043,4.0,6.283185307179586
6.62,1.2391892581602908,1.631562831818366,2.0488014280820424,4.0,6.283185307179586
6.63,1.1342266615397034,1.7061996284032876,2.048801428082043,4.0,6.283185307179586
6.640000000000001,1.0247818894343148,1.7740939577143182,2.0488014280820424,4.0,6.283185307179586
6.65,0.9112874397663697,1.8349775186184358,2.0488014280820424,4.0,6.283185307179586
6.66,0.7941918137545506,1.8886097147574652,2.0488014280820424,4.0,6.283185307179586
6.67,0.673957743551155,1.9347786053237337,2.0488014280820424,4.0,6.283185307179586
6.68,0.5510603636422406,1.9733017425962756,2.0488014280820424,4.0,6.283185307179586
6.69,0.42598533323689913,2.004026892927853,2.0488014280820424,4.0,6.283185307179586
6.7,0.29922691706549975,2.0268326383336372,2.0488014280820424,4.0,6.283185307179586
6.71,0.17128603217110022,2.0416288563042246,2.0488014280820424,4.0,6.283185307179586
6.72,0.0426682684126084,2.048357075946888,2.0488014280820424,4.0,6.283185307179586
6.73,-0.08611810949783633,2.0469907090476824,2.048801428082042,4.0,6.283185307179586
6.74,-0.21456417052782206,2.03753515514131,2.0488014280820424,4.0,6.283185307179586
6.75,-0.3421623284907515,2.020027780173531,2.0488014280820424,4.0,6.283185307179586
6.76,-0.46840834789744057,1.9945377688404413,2.0488014280820424,4.0,6.283185307179586
6.7700000000000005,-0.5928033365666119,1.9611658511881416,2.0488014280820424,4.0,6.283185307179586
6.78,-0.7148557171199942,1.9200439045531938,2.0488014280820424,4.0,6.283185307179586
6.79,-0.8340831695711789,1.8713344324169081,2.0488014280820424,4.0,6.283185307179586
6.8,-0.9500145373316174,1.8152299222328858,2.0488014280820424,4.0,6.283185307179586
6.8100000000000005,-1.0621916891017071,1.7519520847655277,2.0488014280820424,4.0,6.283185307179586
6.82,-1.1701713292892457,1.6817509779454436,2.0488014280820424,4.0,6.283185307179586
6.83,-1.2735267498009415,1.6049040187040677,2.0488014280820424,4.0,6.283185307179586
6.84,-1.3718495162843432,1.5217148866924546,2.0488014280820424,4.0,6.283185307179586
6.8500000000000005,-1.464751082156591,1.4325123242164834,2.0488014280820424,4.0,6.283185307179586
6.86,-1.551864324041757,1.3376488371308206,2.0488014280820424,4.0,6.283185307179586
6.87,-1.6328449925491157,1.2374993018253764,2.0488014280820424,4.0,6.283185307179586
6.88,-1.707373072659241,1.1324594838090931,2.0488014280820424,4.0,6.283185307179586
6.890000000000001,-1.7751540483420252,1.022944473745244,2.048801428082042,4.0,6.283185307179586
6.9,-1.8359200664091744,0.9093870471186335,2.048801428082042,4.0,6.283185307179586
6.91,-1.8894309950019297,0.7922359540168781,2.048801428082042,4.0,6.283185307179586
6.92,-1.9354753725311393,0.6719541457841169,2.048801428082042,4.0,6.283185307179586
6.93,-1.9738712433197132,0.5490169455549663,2.0488014280820424,4.0,6.283185307179586
6.94,-2.004466876645211,0.42391016989830244,2.048801428082042,4.0,6.283185307179586
6.95,-2.0271413663410933,0.2971282089936593,2.048801428082042,4.0,6.283185307179586
6.96,-2.0418051085871616,0.16917207292689623,2.048801428082042,4.0,6.283185307179586
6.97,-2.048400156001081,0.040547411825677865,2.048801428082042,4.0,6.283185307179586
6.98,-2.0469004466317067,-0.08823748234131104,2.0488014280820415,4.0,6.283185307179586
6.99,-2.037311906949292,-0.21667368440503557,2.0488014280820415,4.0,6.283185307179586
7.0,-2.019672428425583,-0.3442536471390274,2.0488014280820415,4.0,6.283185307179586
7.01,-1.9940517177963535,-0.4704732069570224,2.0488014280820415,4.0,6.283185307179586
7.0200000000000005,-1.9605510215981026,-0.5948335762393127,2.048801428082042,4.0,6.283185307179586
7.03,-1.9193027260674749,-0.7168433144146449,2.048801428082042,4.0,6.283185307179586
7.04,-1.8704698339845023,-0.8360202700084504,2.048801428082042,4.0,6.283185307179586
7.05,-1.8142453205270468,-0.9518934859829262,2.048801428082042,4.0,6.283185307179586
7.0600000000000005,-1.7508513706819449,-1.0640050608395475,2.048801428082042,4.0,6.283185307179586
7.07,-1.6805385012264116,-1.1719119581294068,2.048801428082042,4.0,6.283185307179586
7.08,-1.60358457074941,-1.2751877572206554,2.048801428082042,4.0,6.283185307179586
7.09,-1.5202936816251296,-1.3734243384044584,2.048801428082042,4.0,6.283185307179586
7.1000000000000005,-1.4309949782776954,-1.4662334956803549,2.048801428082042,4.0,6.283185307179586
7.11,-1.336041346486062,-1.5532484708477021,2.048801428082042,4.0,6.283185307179586
7.12,-1.2358080188691065,-1.634125402840868,2.048801428082042,4.0,6.283185307179586
7.13,-1.1306910920616888,-1.7085446865807639,2.048801428082042,4.0,6.283185307179586
7.140000000000001,-1.0211059614414264,-1.776212235972885,2.048801428082042,4.0,6.283185307179586
7.15,-0.9074856795917403,-1.836860646060809,2.0488014280820424,4.0,6.283185307179586
7.16,-0.7902792449881129,-1.890250249742619,2.0488014280820424,4.0,6.283185307179586
7.17,-0.6699498276702329,-1.9361700648743747,2.048801428082042,4.0,6.283185307179586
7.18,-0.5469729389117205,-1.9744386280179211,2.0488014280820424,4.0,6.283185307179586
7.19,-0.4218345521204324,-2.004904711538274,2.0488014280820424,4.0,6.283185307179586
7.2,-0.29502918239507225,-2.0274479212167966,2.048801428082042,4.0,6.283185307179586
7.21,-0.16705793232720895,-2.0419791720185523,2.048801428082042,4.0,6.283185307179586
7.22,-0.03842651177119816,-2.048441040133719,2.048801428082042,4.0,6.283185307179586
7.23,0.0903567605926281,-2.0468079899018914,2.048801428082042,4.0,6.283185307179586
7.24,0.21878296600418878,-2.0370864747225204,2.048801428082042,4.0,6.283185307179586
7.25,0.34634459674124407,-2.019314911552718,2.0488014280820424,4.0,6.283185307179586
7.26,0.4725375616609224,-1.9935635290932079,2.0488014280820424,4.0,6.283185307179586
7.2700000000000005,0.5968631782397946,-1.9599340902623503,2.0488014280820424,4.0,6.283185307179586
7.28,0.7188301432404582,-1.918559490054952,2.048801428082042,4.0,6.283185307179586
7.29,0.8379564742170593,-1.8696032303750254,2.0488014280820424,4.0,6.283185307179586
7.3,0.9537714141874152,-1.8132587739178194,2.0488014280820424,4.0,6.283185307179586
7.3100000000000005,1.0658172919449576,-1.7497487796544202,2.0488014280820424,4.0,6.283185307179586
7.32,1.1736513306590164,-1.6793242229400895,2.048801428082042,4.0,6.283185307179586
7.33,1.2768473976163164,-1.6022634037234502,2.048801428082042,4.0,6.283185307179586
7.34,1.374997688189151,-1.518870846775823,2.048801428082042,4.0,6.283185307179586
7.3500000000000005,1.4677143373756216,-1.4294760982867307,2.048801428082042,4.0,6.283185307179586
7.36,1.5546309525435427,-1.3344324235811165,2.048801428082042,4.0,6.283185307179586
7.37,1.635404061321,-1.234115411104567,2.048801428082042,4.0,6.283185307179586
7.38,1.7097144689118648,-1.128921488193238,2.048801428082042,4.0,6.283185307179586
7.390000000000001,1.777268519472501,-1.0192663544937794,2.048801428082042,4.0,6.283185307179586
7.4,1.837799256565021,-0.9055833392239893,2.048801428082042,4.0,6.283185307179586
7.41,1.8910674781012768,-0.7883216887658814,2.048801428082042,4.0,6.283185307179586
7.42,1.9368626816087167,-0.6679447913581674,2.048801428082042,4.0,6.283185307179586
7.43,1.9750038960826524,-0.5449283459037146,2.048801428082042,4.0,6.283185307179586
7.44,2.0053403971376746,-0.41975848212838823,2.048801428082042,4.0,6.283185307179586
7.45,2.0277523026321145,-0.29292983951993234,2.0488014280820424,4.0,6.283185307179586
7.46,2.042151046411797,-0.16494361263843474,2.0488014280820424,4.0,6.283185307179586
7.47,2.0484797283009732,-0.03630557052281194,2.0488014280820424,4.0,6.283185307179586
7.48,2.046713338957351,0.09247594197988337,2.048801428082042,4.0,6.283185307179586
7.49,2.036858858702661,0.2208920130640941,2.048801428082042,4.0,6.283185307179586
7.5,2.0189552299381983,0.3484351750558662,2.0488014280820424,4.0,6.283185307179586
7.51,1.99307320325435,0.4746014097961155,2.0488014280820424,4.0,6.283185307179586
7.5200000000000005,1.959315057842245,0.5988921403922879,2.0488014280820424,4.0,6.283185307179586
7.53,1.9178141973123868,0.7208162014675178,2.0488014280820424,4.0,6.283185307179586
7.54,1.8687346225174908,0.8398917801213599,2.0488014280820424,4.0,6.283185307179586
7.55,1.812270283462798,0.9556483199319116,2.048801428082042,4.0,6.283185307179586
7.5600000000000005,1.7486443128649498,1.0676283804751927,2.048801428082042,4.0,6.283185307179586
7.57,1.6781081443882047,1.1753894450134355,2.0488014280820424,4.0,6.283185307179586
7.58,1.6009405190425021,1.27850566920876,2.048801428082042,4.0,6.283185307179586
7.59,1.5174463836698389,1.3765695639517617,2.048801428082042,4.0,6.283185307179586
7.6000000000000005,1.4279556858718556,1.4691936056549024,2.048801428082042,4.0,6.283185307179586
7.61,1.3328220701407771,1.5560117676472334,2.048801428082042,4.0,6.283185307179586
7.62,1.232421480346263,1.6366809666187667,2.048801428082042,4.0,6.283185307179586
7.63,1.1271506741007868,1.7108824183985165,2.048801428082042,4.0,6.283185307179586
7.640000000000001,1.0174256548743943,1.7783228977085193,2.048801428082042,4.0,6.283185307179586
7.65,0.903680028054723,1.8387358969156038,2.048801428082042,4.0,6.283185307179586
7.66,0.7863632874487183,1.8918826792018208,2.048801428082042,4.0,6.283185307179586
7.67,0.6659390389973543,1.9375532219916685,2.0488014280820424,4.0,6.283185307179586
7.68,0.5428831687227879,1.9755670469079303,2.048801428082042,4.0,6.283185307179586
7.69,0.4176819621477529,2.005773932976351,2.0488014280820424,4.0,6.283185307179586
7.7,0.29083018261877147,2.0280545102607443,2.0488014280820424,4.0,6.283185307179586
7.71,0.16282911612716083,2.042320731582643,2.048801428082042,4.0,6.283185307179586
7.72,0.03418459035420493,2.0485162204613685,2.048801428082042,4.0,6.283185307179586
7.73,-0.09459502423127775,2.046616493899553,2.048801428082042,4.0,6.283185307179586
7.74,-0.22300082332381652,2.0366290591337233,2.048801428082042,4.0,6.283185307179586
7.75,-0.3505253798417577,2.01859338396761,2.048801428082042,4.0,6.283185307179586
7.76,-0.4766647491501207,1.9925807408054177,2.048801428082042,4.0,6.283185307179586
7.7700000000000005,-0.60092046052171,1.9586939250014002,2.048801428082042,4.0,6.283185307179586
7.78,-0.722801486966735,1.9170668486387457,2.048801428082042,4.0,6.283185307179586
7.79,-0.8418261856466709,1.8678640113430611,2.048801428082042,4.0,6.283185307179586
7.8,-0.95752420120434,1.8112798502216616,2.048801428082042,4.0,6.283185307179586
7.8100000000000005,-1.0694383244887347,1.7475379714975414,2.048801428082042,4.0,6.283185307179586
7.82,-1.1771262993293754,1.6768902668744141,2.048801428082042,4.0,6.283185307179586
7.83,-1.2801625702202901,1.5996159181247211,2.048801428082042,4.0,6.283185307179586
7.84,-1.378139964007212,1.5160202938342264,2.048801428082042,4.0,6.283185307179586
7.8500000000000005,-1.470671298932396,1.4264337426629787,2.0488014280820415,4.0,6.283185307179586
7.86,-1.5573909146785165,1.3312102878913714,2.048801428082042,4.0,6.283185307179586
7.87,-1.6379561173653037,1.2307262284101181,2.048801428082042,4.0,6.283185307179586
7.88,-1.7120485337886566,1.1253786516826796,2.048801428082042,4.0,6.283185307179586
7.890000000000001,-1.7793753695506274,1.0155838645565334,2.048801428082042,4.0,6.283185307179586
7.9,-1.8396705661084622,0.9017757481243246,2.0488014280820424,4.0,6.283185307179586
7.91,-1.89269585217034,0.7844040431360646,2.048801428082042,4.0,6.283185307179586
7.92,-1.9382416852829578,0.6639325727379961,2.048801428082042,4.0,6.283185307179586
7.930000000000001,-1.9761280798900465,0.540837409561407,2.048801428082042,4.0,6.283185307179586
7.94,-2.0062053185895437,0.41560499440459314,2.048801428082042,4.0,6.283185307179586
7.95,-2.0283545437787143,0.2887302139424598,2.048801428082042,4.0,6.283185307179586
7.96,-2.0424882273491853,0.16071444506016574,2.048801428082042,4.0,6.283185307179586
7.97,-2.0485505165757854,0.03206357353910619,2.048801428082042,4.0,6.283185307179586
7.98,-2.0465174548323173,-0.09671400507511677,2.0488014280820424,4.0,6.283185307179586
7.99,-2.0363970762620562,-0.22510939452267337,2.0488014280820424,4.0,6.283185307179586
